public_unit_id,vehicle_id,date,period_index,period_type,period_duration,track_points,total_parking_duration,total_movement_duration,total_mileage_km,movement_mileage_km,movement_distance_navigation_km,break_distance_navigation_km,distance_odometer_km,source_file
15496638-f67f-4170-a300-6a965607ca02,А 230 КУ/550 RUS,2026-05-04,1,2,13:11:46,2,13:34:31,02:00:31,91.5776381008219,71.18269875107327,71.18269875107327,20.303485581693128,45.999958599997626,datasets/raw/bo_tracks_by_unit_day_15496638_2026-05-04.json
15496638-f67f-4170-a300-6a965607ca02,А 230 КУ/550 RUS,2026-05-04,2,1,00:30:55,120,13:34:31,02:00:31,91.5776381008219,71.18269875107327,71.18269875107327,20.303485581693128,45.999958599997626,datasets/raw/bo_tracks_by_unit_day_15496638_2026-05-04.json
15496638-f67f-4170-a300-6a965607ca02,А 230 КУ/550 RUS,2026-05-04,3,2,00:00:23,2,13:34:31,02:00:31,91.5776381008219,71.18269875107327,71.18269875107327,20.303485581693128,45.999958599997626,datasets/raw/bo_tracks_by_unit_day_15496638_2026-05-04.json
15496638-f67f-4170-a300-6a965607ca02,А 230 КУ/550 RUS,2026-05-04,4,3,00:24:04,2,13:34:31,02:00:31,91.5776381008219,71.18269875107327,71.18269875107327,20.303485581693128,45.999958599997626,datasets/raw/bo_tracks_by_unit_day_15496638_2026-05-04.json
15496638-f67f-4170-a300-6a965607ca02,А 230 КУ/550 RUS,2026-05-04,5,1,00:19:25,110,13:34:31,02:00:31,91.5776381008219,71.18269875107327,71.18269875107327,20.303485581693128,45.999958599997626,datasets/raw/bo_tracks_by_unit_day_15496638_2026-05-04.json
15496638-f67f-4170-a300-6a965607ca02,А 230 КУ/550 RUS,2026-05-04,6,2,00:20:40,2,13:34:31,02:00:31,91.5776381008219,71.18269875107327,71.18269875107327,20.303485581693128,45.999958599997626,datasets/raw/bo_tracks_by_unit_day_15496638_2026-05-04.json
15496638-f67f-4170-a300-6a965607ca02,А 230 КУ/550 RUS,2026-05-04,7,1,01:10:11,366,13:34:31,02:00:31,91.5776381008219,71.18269875107327,71.18269875107327,20.303485581693128,45.999958599997626,datasets/raw/bo_tracks_by_unit_day_15496638_2026-05-04.json
15496638-f67f-4170-a300-6a965607ca02,А 230 КУ/550 RUS,2026-05-04,8,2,00:01:42,2,13:34:31,02:00:31,91.5776381008219,71.18269875107327,71.18269875107327,20.303485581693128,45.999958599997626,datasets/raw/bo_tracks_by_unit_day_15496638_2026-05-04.json
15496638-f67f-4170-a300-6a965607ca02,А 230 КУ/550 RUS,2026-05-05,1,3,13:52:57,1,02:00:21,01:00:50,19.2537600595139,15.328491370475927,15.328491370475927,3.868998057554675,19.999981999997544,datasets/raw/bo_tracks_by_unit_day_15496638_2026-05-05.json
15496638-f67f-4170-a300-6a965607ca02,А 230 КУ/550 RUS,2026-05-05,2,1,00:43:22,90,02:00:21,01:00:50,19.2537600595139,15.328491370475927,15.328491370475927,3.868998057554675,19.999981999997544,datasets/raw/bo_tracks_by_unit_day_15496638_2026-05-05.json
15496638-f67f-4170-a300-6a965607ca02,А 230 КУ/550 RUS,2026-05-05,3,2,00:10:21,2,02:00:21,01:00:50,19.2537600595139,15.328491370475927,15.328491370475927,3.868998057554675,19.999981999997544,datasets/raw/bo_tracks_by_unit_day_15496638_2026-05-05.json
15496638-f67f-4170-a300-6a965607ca02,А 230 КУ/550 RUS,2026-05-05,4,1,00:12:22,45,02:00:21,01:00:50,19.2537600595139,15.328491370475927,15.328491370475927,3.868998057554675,19.999981999997544,datasets/raw/bo_tracks_by_unit_day_15496638_2026-05-05.json
15496638-f67f-4170-a300-6a965607ca02,А 230 КУ/550 RUS,2026-05-05,5,3,00:29:23,2,02:00:21,01:00:50,19.2537600595139,15.328491370475927,15.328491370475927,3.868998057554675,19.999981999997544,datasets/raw/bo_tracks_by_unit_day_15496638_2026-05-05.json
15496638-f67f-4170-a300-6a965607ca02,А 230 КУ/550 RUS,2026-05-05,6,1,00:05:06,44,02:00:21,01:00:50,19.2537600595139,15.328491370475927,15.328491370475927,3.868998057554675,19.999981999997544,datasets/raw/bo_tracks_by_unit_day_15496638_2026-05-05.json
15496638-f67f-4170-a300-6a965607ca02,А 230 КУ/550 RUS,2026-05-05,7,2,00:55:00,2,02:00:21,01:00:50,19.2537600595139,15.328491370475927,15.328491370475927,3.868998057554675,19.999981999997544,datasets/raw/bo_tracks_by_unit_day_15496638_2026-05-05.json
15496638-f67f-4170-a300-6a965607ca02,А 230 КУ/550 RUS,2026-05-05,8,2,00:55:00,2,02:00:21,01:00:50,19.2537600595139,15.328491370475927,15.328491370475927,3.868998057554675,19.999981999997544,datasets/raw/bo_tracks_by_unit_day_15496638_2026-05-05.json
15496638-f67f-4170-a300-6a965607ca02,А 230 КУ/550 RUS,2026-05-06,1,2,14:04:48,2,22:31:03,01:28:57,31.1594801809124,31.08486170841861,31.08486170841861,0.0,30.99997209999492,datasets/raw/bo_tracks_by_unit_day_15496638_2026-05-06.json
15496638-f67f-4170-a300-6a965607ca02,А 230 КУ/550 RUS,2026-05-06,2,1,00:36:50,182,22:31:03,01:28:57,31.1594801809124,31.08486170841861,31.08486170841861,0.0,30.99997209999492,datasets/raw/bo_tracks_by_unit_day_15496638_2026-05-06.json
15496638-f67f-4170-a300-6a965607ca02,А 230 КУ/550 RUS,2026-05-06,3,2,01:16:49,2,22:31:03,01:28:57,31.1594801809124,31.08486170841861,31.08486170841861,0.0,30.99997209999492,datasets/raw/bo_tracks_by_unit_day_15496638_2026-05-06.json
15496638-f67f-4170-a300-6a965607ca02,А 230 КУ/550 RUS,2026-05-06,4,1,00:08:35,22,22:31:03,01:28:57,31.1594801809124,31.08486170841861,31.08486170841861,0.0,30.99997209999492,datasets/raw/bo_tracks_by_unit_day_15496638_2026-05-06.json
15496638-f67f-4170-a300-6a965607ca02,А 230 КУ/550 RUS,2026-05-06,5,2,01:27:15,2,22:31:03,01:28:57,31.1594801809124,31.08486170841861,31.08486170841861,0.0,30.99997209999492,datasets/raw/bo_tracks_by_unit_day_15496638_2026-05-06.json
15496638-f67f-4170-a300-6a965607ca02,А 230 КУ/550 RUS,2026-05-06,6,1,00:39:44,216,22:31:03,01:28:57,31.1594801809124,31.08486170841861,31.08486170841861,0.0,30.99997209999492,datasets/raw/bo_tracks_by_unit_day_15496638_2026-05-06.json
15496638-f67f-4170-a300-6a965607ca02,А 230 КУ/550 RUS,2026-05-06,7,2,00:26:48,2,22:31:03,01:28:57,31.1594801809124,31.08486170841861,31.08486170841861,0.0,30.99997209999492,datasets/raw/bo_tracks_by_unit_day_15496638_2026-05-06.json
15496638-f67f-4170-a300-6a965607ca02,А 230 КУ/550 RUS,2026-05-06,8,1,00:03:48,39,22:31:03,01:28:57,31.1594801809124,31.08486170841861,31.08486170841861,0.0,30.99997209999492,datasets/raw/bo_tracks_by_unit_day_15496638_2026-05-06.json
15496638-f67f-4170-a300-6a965607ca02,А 230 КУ/550 RUS,2026-05-06,9,2,05:15:23,2,22:31:03,01:28:57,31.1594801809124,31.08486170841861,31.08486170841861,0.0,30.99997209999492,datasets/raw/bo_tracks_by_unit_day_15496638_2026-05-06.json
15496638-f67f-4170-a300-6a965607ca02,А 230 КУ/550 RUS,2026-05-07,1,2,04:41:54,2,12:16:44,00:30:02,13.7405005095619,9.932382996905378,9.932382996905378,3.745118499028578,15.99998559999949,datasets/raw/bo_tracks_by_unit_day_15496638_2026-05-07.json
15496638-f67f-4170-a300-6a965607ca02,А 230 КУ/550 RUS,2026-05-07,2,3,02:19:16,2,12:16:44,00:30:02,13.7405005095619,9.932382996905378,9.932382996905378,3.745118499028578,15.99998559999949,datasets/raw/bo_tracks_by_unit_day_15496638_2026-05-07.json
15496638-f67f-4170-a300-6a965607ca02,А 230 КУ/550 RUS,2026-05-07,3,2,00:00:01,2,12:16:44,00:30:02,13.7405005095619,9.932382996905378,9.932382996905378,3.745118499028578,15.99998559999949,datasets/raw/bo_tracks_by_unit_day_15496638_2026-05-07.json
15496638-f67f-4170-a300-6a965607ca02,А 230 КУ/550 RUS,2026-05-07,4,1,00:15:37,45,12:16:44,00:30:02,13.7405005095619,9.932382996905378,9.932382996905378,3.745118499028578,15.99998559999949,datasets/raw/bo_tracks_by_unit_day_15496638_2026-05-07.json
15496638-f67f-4170-a300-6a965607ca02,А 230 КУ/550 RUS,2026-05-07,5,2,01:50:44,2,12:16:44,00:30:02,13.7405005095619,9.932382996905378,9.932382996905378,3.745118499028578,15.99998559999949,datasets/raw/bo_tracks_by_unit_day_15496638_2026-05-07.json
15496638-f67f-4170-a300-6a965607ca02,А 230 КУ/550 RUS,2026-05-07,6,3,00:40:03,2,12:16:44,00:30:02,13.7405005095619,9.932382996905378,9.932382996905378,3.745118499028578,15.99998559999949,datasets/raw/bo_tracks_by_unit_day_15496638_2026-05-07.json
15496638-f67f-4170-a300-6a965607ca02,А 230 КУ/550 RUS,2026-05-07,7,1,00:08:12,11,12:16:44,00:30:02,13.7405005095619,9.932382996905378,9.932382996905378,3.745118499028578,15.99998559999949,datasets/raw/bo_tracks_by_unit_day_15496638_2026-05-07.json
15496638-f67f-4170-a300-6a965607ca02,А 230 КУ/550 RUS,2026-05-07,8,2,04:42:24,2,12:16:44,00:30:02,13.7405005095619,9.932382996905378,9.932382996905378,3.745118499028578,15.99998559999949,datasets/raw/bo_tracks_by_unit_day_15496638_2026-05-07.json
15496638-f67f-4170-a300-6a965607ca02,А 230 КУ/550 RUS,2026-05-07,9,1,00:06:13,27,12:16:44,00:30:02,13.7405005095619,9.932382996905378,9.932382996905378,3.745118499028578,15.99998559999949,datasets/raw/bo_tracks_by_unit_day_15496638_2026-05-07.json
15496638-f67f-4170-a300-6a965607ca02,А 230 КУ/550 RUS,2026-05-07,10,2,01:01:41,2,12:16:44,00:30:02,13.7405005095619,9.932382996905378,9.932382996905378,3.745118499028578,15.99998559999949,datasets/raw/bo_tracks_by_unit_day_15496638_2026-05-07.json
15496638-f67f-4170-a300-6a965607ca02,А 230 КУ/550 RUS,2026-05-08,1,3,14:10:02,1,06:48:45,01:25:51,45.7180200234569,34.58558602896295,34.58558602896295,10.912563166819794,29.999972999998135,datasets/raw/bo_tracks_by_unit_day_15496638_2026-05-08.json
15496638-f67f-4170-a300-6a965607ca02,А 230 КУ/550 RUS,2026-05-08,2,1,00:03:59,38,06:48:45,01:25:51,45.7180200234569,34.58558602896295,34.58558602896295,10.912563166819794,29.999972999998135,datasets/raw/bo_tracks_by_unit_day_15496638_2026-05-08.json
15496638-f67f-4170-a300-6a965607ca02,А 230 КУ/550 RUS,2026-05-08,3,2,00:23:22,2,06:48:45,01:25:51,45.7180200234569,34.58558602896295,34.58558602896295,10.912563166819794,29.999972999998135,datasets/raw/bo_tracks_by_unit_day_15496638_2026-05-08.json
15496638-f67f-4170-a300-6a965607ca02,А 230 КУ/550 RUS,2026-05-08,4,1,00:10:28,92,06:48:45,01:25:51,45.7180200234569,34.58558602896295,34.58558602896295,10.912563166819794,29.999972999998135,datasets/raw/bo_tracks_by_unit_day_15496638_2026-05-08.json
15496638-f67f-4170-a300-6a965607ca02,А 230 КУ/550 RUS,2026-05-08,5,2,00:25:47,2,06:48:45,01:25:51,45.7180200234569,34.58558602896295,34.58558602896295,10.912563166819794,29.999972999998135,datasets/raw/bo_tracks_by_unit_day_15496638_2026-05-08.json
15496638-f67f-4170-a300-6a965607ca02,А 230 КУ/550 RUS,2026-05-08,6,1,00:42:59,234,06:48:45,01:25:51,45.7180200234569,34.58558602896295,34.58558602896295,10.912563166819794,29.999972999998135,datasets/raw/bo_tracks_by_unit_day_15496638_2026-05-08.json
15496638-f67f-4170-a300-6a965607ca02,А 230 КУ/550 RUS,2026-05-08,7,2,02:17:39,2,06:48:45,01:25:51,45.7180200234569,34.58558602896295,34.58558602896295,10.912563166819794,29.999972999998135,datasets/raw/bo_tracks_by_unit_day_15496638_2026-05-08.json
15496638-f67f-4170-a300-6a965607ca02,А 230 КУ/550 RUS,2026-05-08,8,1,00:26:03,170,06:48:45,01:25:51,45.7180200234569,34.58558602896295,34.58558602896295,10.912563166819794,29.999972999998135,datasets/raw/bo_tracks_by_unit_day_15496638_2026-05-08.json
15496638-f67f-4170-a300-6a965607ca02,А 230 КУ/550 RUS,2026-05-08,9,2,02:48:08,2,06:48:45,01:25:51,45.7180200234569,34.58558602896295,34.58558602896295,10.912563166819794,29.999972999998135,datasets/raw/bo_tracks_by_unit_day_15496638_2026-05-08.json
15496638-f67f-4170-a300-6a965607ca02,А 230 КУ/550 RUS,2026-05-08,10,3,00:24:09,2,06:48:45,01:25:51,45.7180200234569,34.58558602896295,34.58558602896295,10.912563166819794,29.999972999998135,datasets/raw/bo_tracks_by_unit_day_15496638_2026-05-08.json
15496638-f67f-4170-a300-6a965607ca02,А 230 КУ/550 RUS,2026-05-08,11,1,00:02:22,11,06:48:45,01:25:51,45.7180200234569,34.58558602896295,34.58558602896295,10.912563166819794,29.999972999998135,datasets/raw/bo_tracks_by_unit_day_15496638_2026-05-08.json
15496638-f67f-4170-a300-6a965607ca02,А 230 КУ/550 RUS,2026-05-08,12,2,00:53:49,2,06:48:45,01:25:51,45.7180200234569,34.58558602896295,34.58558602896295,10.912563166819794,29.999972999998135,datasets/raw/bo_tracks_by_unit_day_15496638_2026-05-08.json
15496638-f67f-4170-a300-6a965607ca02,А 230 КУ/550 RUS,2026-05-09,1,2,13:27:08,2,17:11:29,02:42:14,194.730190737589,194.66862103642646,194.66862103642646,0.0,155.99985959998594,datasets/raw/bo_tracks_by_unit_day_15496638_2026-05-09.json
15496638-f67f-4170-a300-6a965607ca02,А 230 КУ/550 RUS,2026-05-09,2,1,01:21:18,498,17:11:29,02:42:14,194.730190737589,194.66862103642646,194.66862103642646,0.0,155.99985959998594,datasets/raw/bo_tracks_by_unit_day_15496638_2026-05-09.json
15496638-f67f-4170-a300-6a965607ca02,А 230 КУ/550 RUS,2026-05-09,3,2,00:39:24,2,17:11:29,02:42:14,194.730190737589,194.66862103642646,194.66862103642646,0.0,155.99985959998594,datasets/raw/bo_tracks_by_unit_day_15496638_2026-05-09.json
15496638-f67f-4170-a300-6a965607ca02,А 230 КУ/550 RUS,2026-05-09,4,1,01:16:04,505,17:11:29,02:42:14,194.730190737589,194.66862103642646,194.66862103642646,0.0,155.99985959998594,datasets/raw/bo_tracks_by_unit_day_15496638_2026-05-09.json
15496638-f67f-4170-a300-6a965607ca02,А 230 КУ/550 RUS,2026-05-09,5,2,02:03:10,2,17:11:29,02:42:14,194.730190737589,194.66862103642646,194.66862103642646,0.0,155.99985959998594,datasets/raw/bo_tracks_by_unit_day_15496638_2026-05-09.json
15496638-f67f-4170-a300-6a965607ca02,А 230 КУ/550 RUS,2026-05-09,6,1,00:04:52,35,17:11:29,02:42:14,194.730190737589,194.66862103642646,194.66862103642646,0.0,155.99985959998594,datasets/raw/bo_tracks_by_unit_day_15496638_2026-05-09.json
15496638-f67f-4170-a300-6a965607ca02,А 230 КУ/550 RUS,2026-05-09,7,2,01:01:47,2,17:11:29,02:42:14,194.730190737589,194.66862103642646,194.66862103642646,0.0,155.99985959998594,datasets/raw/bo_tracks_by_unit_day_15496638_2026-05-09.json
15496638-f67f-4170-a300-6a965607ca02,А 230 КУ/550 RUS,2026-05-10,1,2,16:26:18,2,19:02:35,00:56:25,71.2712685381378,53.713971924957846,53.713971924957846,17.354495352190845,15.999985599995853,datasets/raw/bo_tracks_by_unit_day_15496638_2026-05-10.json
15496638-f67f-4170-a300-6a965607ca02,А 230 КУ/550 RUS,2026-05-10,2,1,00:13:35,163,19:02:35,00:56:25,71.2712685381378,53.713971924957846,53.713971924957846,17.354495352190845,15.999985599995853,datasets/raw/bo_tracks_by_unit_day_15496638_2026-05-10.json
15496638-f67f-4170-a300-6a965607ca02,А 230 КУ/550 RUS,2026-05-10,3,2,00:16:28,2,19:02:35,00:56:25,71.2712685381378,53.713971924957846,53.713971924957846,17.354495352190845,15.999985599995853,datasets/raw/bo_tracks_by_unit_day_15496638_2026-05-10.json
15496638-f67f-4170-a300-6a965607ca02,А 230 КУ/550 RUS,2026-05-10,4,1,00:18:21,138,19:02:35,00:56:25,71.2712685381378,53.713971924957846,53.713971924957846,17.354495352190845,15.999985599995853,datasets/raw/bo_tracks_by_unit_day_15496638_2026-05-10.json
15496638-f67f-4170-a300-6a965607ca02,А 230 КУ/550 RUS,2026-05-10,5,2,01:46:04,2,19:02:35,00:56:25,71.2712685381378,53.713971924957846,53.713971924957846,17.354495352190845,15.999985599995853,datasets/raw/bo_tracks_by_unit_day_15496638_2026-05-10.json
15496638-f67f-4170-a300-6a965607ca02,А 230 КУ/550 RUS,2026-05-10,6,1,00:09:54,10,19:02:35,00:56:25,71.2712685381378,53.713971924957846,53.713971924957846,17.354495352190845,15.999985599995853,datasets/raw/bo_tracks_by_unit_day_15496638_2026-05-10.json
15496638-f67f-4170-a300-6a965607ca02,А 230 КУ/550 RUS,2026-05-10,7,2,00:10:06,2,19:02:35,00:56:25,71.2712685381378,53.713971924957846,53.713971924957846,17.354495352190845,15.999985599995853,datasets/raw/bo_tracks_by_unit_day_15496638_2026-05-10.json
15496638-f67f-4170-a300-6a965607ca02,А 230 КУ/550 RUS,2026-05-10,8,1,00:10:00,6,19:02:35,00:56:25,71.2712685381378,53.713971924957846,53.713971924957846,17.354495352190845,15.999985599995853,datasets/raw/bo_tracks_by_unit_day_15496638_2026-05-10.json
15496638-f67f-4170-a300-6a965607ca02,А 230 КУ/550 RUS,2026-05-10,9,2,00:15:00,2,19:02:35,00:56:25,71.2712685381378,53.713971924957846,53.713971924957846,17.354495352190845,15.999985599995853,datasets/raw/bo_tracks_by_unit_day_15496638_2026-05-10.json
15496638-f67f-4170-a300-6a965607ca02,А 230 КУ/550 RUS,2026-05-10,10,3,00:26:46,2,19:02:35,00:56:25,71.2712685381378,53.713971924957846,53.713971924957846,17.354495352190845,15.999985599995853,datasets/raw/bo_tracks_by_unit_day_15496638_2026-05-10.json
15496638-f67f-4170-a300-6a965607ca02,А 230 КУ/550 RUS,2026-05-10,11,1,00:04:35,20,19:02:35,00:56:25,71.2712685381378,53.713971924957846,53.713971924957846,17.354495352190845,15.999985599995853,datasets/raw/bo_tracks_by_unit_day_15496638_2026-05-10.json
15496638-f67f-4170-a300-6a965607ca02,А 230 КУ/550 RUS,2026-05-10,12,2,00:08:39,2,19:02:35,00:56:25,71.2712685381378,53.713971924957846,53.713971924957846,17.354495352190845,15.999985599995853,datasets/raw/bo_tracks_by_unit_day_15496638_2026-05-10.json
1d081b43-c7e1-48a0-8d48-6cd97f723de8,Т671КР31(ТМ),2026-05-04,1,3,03:30:48,1,00:00:00,11:11:18,1688.53340197992,881.4968120282521,881.4968120282521,807.0365899516678,913.75,datasets/raw/bo_tracks_by_unit_day_1d081b43_2026-05-04.json
1d081b43-c7e1-48a0-8d48-6cd97f723de8,Т671КР31(ТМ),2026-05-04,2,1,02:59:27,567,00:00:00,11:11:18,1688.53340197992,881.4968120282521,881.4968120282521,807.0365899516678,913.75,datasets/raw/bo_tracks_by_unit_day_1d081b43_2026-05-04.json
1d081b43-c7e1-48a0-8d48-6cd97f723de8,Т671КР31(ТМ),2026-05-04,3,3,00:32:18,2,00:00:00,11:11:18,1688.53340197992,881.4968120282521,881.4968120282521,807.0365899516678,913.75,datasets/raw/bo_tracks_by_unit_day_1d081b43_2026-05-04.json
1d081b43-c7e1-48a0-8d48-6cd97f723de8,Т671КР31(ТМ),2026-05-04,4,1,02:12:57,605,00:00:00,11:11:18,1688.53340197992,881.4968120282521,881.4968120282521,807.0365899516678,913.75,datasets/raw/bo_tracks_by_unit_day_1d081b43_2026-05-04.json
1d081b43-c7e1-48a0-8d48-6cd97f723de8,Т671КР31(ТМ),2026-05-04,5,3,00:50:58,2,00:00:00,11:11:18,1688.53340197992,881.4968120282521,881.4968120282521,807.0365899516678,913.75,datasets/raw/bo_tracks_by_unit_day_1d081b43_2026-05-04.json
1d081b43-c7e1-48a0-8d48-6cd97f723de8,Т671КР31(ТМ),2026-05-04,6,1,00:15:25,12,00:00:00,11:11:18,1688.53340197992,881.4968120282521,881.4968120282521,807.0365899516678,913.75,datasets/raw/bo_tracks_by_unit_day_1d081b43_2026-05-04.json
1d081b43-c7e1-48a0-8d48-6cd97f723de8,Т671КР31(ТМ),2026-05-04,7,3,00:20:46,2,00:00:00,11:11:18,1688.53340197992,881.4968120282521,881.4968120282521,807.0365899516678,913.75,datasets/raw/bo_tracks_by_unit_day_1d081b43_2026-05-04.json
1d081b43-c7e1-48a0-8d48-6cd97f723de8,Т671КР31(ТМ),2026-05-04,8,1,01:17:38,379,00:00:00,11:11:18,1688.53340197992,881.4968120282521,881.4968120282521,807.0365899516678,913.75,datasets/raw/bo_tracks_by_unit_day_1d081b43_2026-05-04.json
1d081b43-c7e1-48a0-8d48-6cd97f723de8,Т671КР31(ТМ),2026-05-04,9,3,00:34:26,2,00:00:00,11:11:18,1688.53340197992,881.4968120282521,881.4968120282521,807.0365899516678,913.75,datasets/raw/bo_tracks_by_unit_day_1d081b43_2026-05-04.json
1d081b43-c7e1-48a0-8d48-6cd97f723de8,Т671КР31(ТМ),2026-05-04,10,1,03:51:32,689,00:00:00,11:11:18,1688.53340197992,881.4968120282521,881.4968120282521,807.0365899516678,913.75,datasets/raw/bo_tracks_by_unit_day_1d081b43_2026-05-04.json
1d081b43-c7e1-48a0-8d48-6cd97f723de8,Т671КР31(ТМ),2026-05-04,11,3,00:41:20,2,00:00:00,11:11:18,1688.53340197992,881.4968120282521,881.4968120282521,807.0365899516678,913.75,datasets/raw/bo_tracks_by_unit_day_1d081b43_2026-05-04.json
1d081b43-c7e1-48a0-8d48-6cd97f723de8,Т671КР31(ТМ),2026-05-04,12,1,00:34:19,296,00:00:00,11:11:18,1688.53340197992,881.4968120282521,881.4968120282521,807.0365899516678,913.75,datasets/raw/bo_tracks_by_unit_day_1d081b43_2026-05-04.json
1d081b43-c7e1-48a0-8d48-6cd97f723de8,Т671КР31(ТМ),2026-05-04,13,3,06:18:06,1,00:00:00,11:11:18,1688.53340197992,881.4968120282521,881.4968120282521,807.0365899516678,913.75,datasets/raw/bo_tracks_by_unit_day_1d081b43_2026-05-04.json
1d081b43-c7e1-48a0-8d48-6cd97f723de8,Т671КР31(ТМ),2026-05-05,1,3,04:04:29,1,00:35:47,12:30:23,1507.47196705276,871.6146393393861,871.6146393393861,635.4873925539532,946.125,datasets/raw/bo_tracks_by_unit_day_1d081b43_2026-05-05.json
1d081b43-c7e1-48a0-8d48-6cd97f723de8,Т671КР31(ТМ),2026-05-05,2,1,05:29:17,1145,00:35:47,12:30:23,1507.47196705276,871.6146393393861,871.6146393393861,635.4873925539532,946.125,datasets/raw/bo_tracks_by_unit_day_1d081b43_2026-05-05.json
1d081b43-c7e1-48a0-8d48-6cd97f723de8,Т671КР31(ТМ),2026-05-05,3,2,00:12:32,2,00:35:47,12:30:23,1507.47196705276,871.6146393393861,871.6146393393861,635.4873925539532,946.125,datasets/raw/bo_tracks_by_unit_day_1d081b43_2026-05-05.json
1d081b43-c7e1-48a0-8d48-6cd97f723de8,Т671КР31(ТМ),2026-05-05,4,1,00:08:44,19,00:35:47,12:30:23,1507.47196705276,871.6146393393861,871.6146393393861,635.4873925539532,946.125,datasets/raw/bo_tracks_by_unit_day_1d081b43_2026-05-05.json
1d081b43-c7e1-48a0-8d48-6cd97f723de8,Т671КР31(ТМ),2026-05-05,5,2,00:11:56,2,00:35:47,12:30:23,1507.47196705276,871.6146393393861,871.6146393393861,635.4873925539532,946.125,datasets/raw/bo_tracks_by_unit_day_1d081b43_2026-05-05.json
1d081b43-c7e1-48a0-8d48-6cd97f723de8,Т671КР31(ТМ),2026-05-05,6,1,00:56:28,131,00:35:47,12:30:23,1507.47196705276,871.6146393393861,871.6146393393861,635.4873925539532,946.125,datasets/raw/bo_tracks_by_unit_day_1d081b43_2026-05-05.json
1d081b43-c7e1-48a0-8d48-6cd97f723de8,Т671КР31(ТМ),2026-05-05,7,2,00:11:19,2,00:35:47,12:30:23,1507.47196705276,871.6146393393861,871.6146393393861,635.4873925539532,946.125,datasets/raw/bo_tracks_by_unit_day_1d081b43_2026-05-05.json
1d081b43-c7e1-48a0-8d48-6cd97f723de8,Т671КР31(ТМ),2026-05-05,8,1,00:17:29,115,00:35:47,12:30:23,1507.47196705276,871.6146393393861,871.6146393393861,635.4873925539532,946.125,datasets/raw/bo_tracks_by_unit_day_1d081b43_2026-05-05.json
1d081b43-c7e1-48a0-8d48-6cd97f723de8,Т671КР31(ТМ),2026-05-05,9,3,01:24:05,2,00:35:47,12:30:23,1507.47196705276,871.6146393393861,871.6146393393861,635.4873925539532,946.125,datasets/raw/bo_tracks_by_unit_day_1d081b43_2026-05-05.json
1d081b43-c7e1-48a0-8d48-6cd97f723de8,Т671КР31(ТМ),2026-05-05,10,1,01:50:26,528,00:35:47,12:30:23,1507.47196705276,871.6146393393861,871.6146393393861,635.4873925539532,946.125,datasets/raw/bo_tracks_by_unit_day_1d081b43_2026-05-05.json
1d081b43-c7e1-48a0-8d48-6cd97f723de8,Т671КР31(ТМ),2026-05-05,11,3,00:58:49,2,00:35:47,12:30:23,1507.47196705276,871.6146393393861,871.6146393393861,635.4873925539532,946.125,datasets/raw/bo_tracks_by_unit_day_1d081b43_2026-05-05.json
1d081b43-c7e1-48a0-8d48-6cd97f723de8,Т671КР31(ТМ),2026-05-05,12,1,03:40:06,536,00:35:47,12:30:23,1507.47196705276,871.6146393393861,871.6146393393861,635.4873925539532,946.125,datasets/raw/bo_tracks_by_unit_day_1d081b43_2026-05-05.json
1d081b43-c7e1-48a0-8d48-6cd97f723de8,Т671КР31(ТМ),2026-05-05,13,3,00:41:56,2,00:35:47,12:30:23,1507.47196705276,871.6146393393861,871.6146393393861,635.4873925539532,946.125,datasets/raw/bo_tracks_by_unit_day_1d081b43_2026-05-05.json
1d081b43-c7e1-48a0-8d48-6cd97f723de8,Т671КР31(ТМ),2026-05-05,14,1,00:07:53,2,00:35:47,12:30:23,1507.47196705276,871.6146393393861,871.6146393393861,635.4873925539532,946.125,datasets/raw/bo_tracks_by_unit_day_1d081b43_2026-05-05.json
1d081b43-c7e1-48a0-8d48-6cd97f723de8,Т671КР31(ТМ),2026-05-05,15,3,03:44:31,1,00:35:47,12:30:23,1507.47196705276,871.6146393393861,871.6146393393861,635.4873925539532,946.125,datasets/raw/bo_tracks_by_unit_day_1d081b43_2026-05-05.json
1d081b43-c7e1-48a0-8d48-6cd97f723de8,Т671КР31(ТМ),2026-05-06,1,3,03:25:38,1,02:24:53,13:17:48,1305.25320034998,941.7510384740294,941.7510384740294,363.31867221861313,996.0,datasets/raw/bo_tracks_by_unit_day_1d081b43_2026-05-06.json
1d081b43-c7e1-48a0-8d48-6cd97f723de8,Т671КР31(ТМ),2026-05-06,2,2,00:51:21,2,02:24:53,13:17:48,1305.25320034998,941.7510384740294,941.7510384740294,363.31867221861313,996.0,datasets/raw/bo_tracks_by_unit_day_1d081b43_2026-05-06.json
1d081b43-c7e1-48a0-8d48-6cd97f723de8,Т671КР31(ТМ),2026-05-06,3,3,01:00:09,2,02:24:53,13:17:48,1305.25320034998,941.7510384740294,941.7510384740294,363.31867221861313,996.0,datasets/raw/bo_tracks_by_unit_day_1d081b43_2026-05-06.json
1d081b43-c7e1-48a0-8d48-6cd97f723de8,Т671КР31(ТМ),2026-05-06,4,1,05:48:35,1427,02:24:53,13:17:48,1305.25320034998,941.7510384740294,941.7510384740294,363.31867221861313,996.0,datasets/raw/bo_tracks_by_unit_day_1d081b43_2026-05-06.json
1d081b43-c7e1-48a0-8d48-6cd97f723de8,Т671КР31(ТМ),2026-05-06,5,2,00:11:23,2,02:24:53,13:17:48,1305.25320034998,941.7510384740294,941.7510384740294,363.31867221861313,996.0,datasets/raw/bo_tracks_by_unit_day_1d081b43_2026-05-06.json
1d081b43-c7e1-48a0-8d48-6cd97f723de8,Т671КР31(ТМ),2026-05-06,6,1,00:31:51,203,02:24:53,13:17:48,1305.25320034998,941.7510384740294,941.7510384740294,363.31867221861313,996.0,datasets/raw/bo_tracks_by_unit_day_1d081b43_2026-05-06.json
1d081b43-c7e1-48a0-8d48-6cd97f723de8,Т671КР31(ТМ),2026-05-06,7,2,01:22:09,2,02:24:53,13:17:48,1305.25320034998,941.7510384740294,941.7510384740294,363.31867221861313,996.0,datasets/raw/bo_tracks_by_unit_day_1d081b43_2026-05-06.json
1d081b43-c7e1-48a0-8d48-6cd97f723de8,Т671КР31(ТМ),2026-05-06,8,1,06:57:22,1781,02:24:53,13:17:48,1305.25320034998,941.7510384740294,941.7510384740294,363.31867221861313,996.0,datasets/raw/bo_tracks_by_unit_day_1d081b43_2026-05-06.json
1d081b43-c7e1-48a0-8d48-6cd97f723de8,Т671КР31(ТМ),2026-05-06,9,3,03:51:32,1,02:24:53,13:17:48,1305.25320034998,941.7510384740294,941.7510384740294,363.31867221861313,996.0,datasets/raw/bo_tracks_by_unit_day_1d081b43_2026-05-06.json
1d081b43-c7e1-48a0-8d48-6cd97f723de8,Т671КР31(ТМ),2026-05-07,1,3,01:57:03,1,02:40:46,10:41:53,1370.34395579653,835.0987477975594,835.0987477975594,534.3111362804857,1011.75,datasets/raw/bo_tracks_by_unit_day_1d081b43_2026-05-07.json
1d081b43-c7e1-48a0-8d48-6cd97f723de8,Т671КР31(ТМ),2026-05-07,2,2,00:09:36,2,02:40:46,10:41:53,1370.34395579653,835.0987477975594,835.0987477975594,534.3111362804857,1011.75,datasets/raw/bo_tracks_by_unit_day_1d081b43_2026-05-07.json
1d081b43-c7e1-48a0-8d48-6cd97f723de8,Т671КР31(ТМ),2026-05-07,3,1,00:02:29,33,02:40:46,10:41:53,1370.34395579653,835.0987477975594,835.0987477975594,534.3111362804857,1011.75,datasets/raw/bo_tracks_by_unit_day_1d081b43_2026-05-07.json
1d081b43-c7e1-48a0-8d48-6cd97f723de8,Т671КР31(ТМ),2026-05-07,4,3,03:17:09,2,02:40:46,10:41:53,1370.34395579653,835.0987477975594,835.0987477975594,534.3111362804857,1011.75,datasets/raw/bo_tracks_by_unit_day_1d081b43_2026-05-07.json
1d081b43-c7e1-48a0-8d48-6cd97f723de8,Т671КР31(ТМ),2026-05-07,5,1,03:13:53,492,02:40:46,10:41:53,1370.34395579653,835.0987477975594,835.0987477975594,534.3111362804857,1011.75,datasets/raw/bo_tracks_by_unit_day_1d081b43_2026-05-07.json
1d081b43-c7e1-48a0-8d48-6cd97f723de8,Т671КР31(ТМ),2026-05-07,6,3,00:34:30,2,02:40:46,10:41:53,1370.34395579653,835.0987477975594,835.0987477975594,534.3111362804857,1011.75,datasets/raw/bo_tracks_by_unit_day_1d081b43_2026-05-07.json
1d081b43-c7e1-48a0-8d48-6cd97f723de8,Т671КР31(ТМ),2026-05-07,7,1,01:32:59,589,02:40:46,10:41:53,1370.34395579653,835.0987477975594,835.0987477975594,534.3111362804857,1011.75,datasets/raw/bo_tracks_by_unit_day_1d081b43_2026-05-07.json
1d081b43-c7e1-48a0-8d48-6cd97f723de8,Т671КР31(ТМ),2026-05-07,8,3,00:24:46,2,02:40:46,10:41:53,1370.34395579653,835.0987477975594,835.0987477975594,534.3111362804857,1011.75,datasets/raw/bo_tracks_by_unit_day_1d081b43_2026-05-07.json
1d081b43-c7e1-48a0-8d48-6cd97f723de8,Т671КР31(ТМ),2026-05-07,9,1,00:13:29,58,02:40:46,10:41:53,1370.34395579653,835.0987477975594,835.0987477975594,534.3111362804857,1011.75,datasets/raw/bo_tracks_by_unit_day_1d081b43_2026-05-07.json
1d081b43-c7e1-48a0-8d48-6cd97f723de8,Т671КР31(ТМ),2026-05-07,10,3,01:48:14,2,02:40:46,10:41:53,1370.34395579653,835.0987477975594,835.0987477975594,534.3111362804857,1011.75,datasets/raw/bo_tracks_by_unit_day_1d081b43_2026-05-07.json
1d081b43-c7e1-48a0-8d48-6cd97f723de8,Т671КР31(ТМ),2026-05-07,11,1,00:02:04,24,02:40:46,10:41:53,1370.34395579653,835.0987477975594,835.0987477975594,534.3111362804857,1011.75,datasets/raw/bo_tracks_by_unit_day_1d081b43_2026-05-07.json
1d081b43-c7e1-48a0-8d48-6cd97f723de8,Т671КР31(ТМ),2026-05-07,12,3,00:20:04,2,02:40:46,10:41:53,1370.34395579653,835.0987477975594,835.0987477975594,534.3111362804857,1011.75,datasets/raw/bo_tracks_by_unit_day_1d081b43_2026-05-07.json
1d081b43-c7e1-48a0-8d48-6cd97f723de8,Т671КР31(ТМ),2026-05-07,13,1,03:38:22,773,02:40:46,10:41:53,1370.34395579653,835.0987477975594,835.0987477975594,534.3111362804857,1011.75,datasets/raw/bo_tracks_by_unit_day_1d081b43_2026-05-07.json
1d081b43-c7e1-48a0-8d48-6cd97f723de8,Т671КР31(ТМ),2026-05-07,14,3,00:29:07,2,02:40:46,10:41:53,1370.34395579653,835.0987477975594,835.0987477975594,534.3111362804857,1011.75,datasets/raw/bo_tracks_by_unit_day_1d081b43_2026-05-07.json
1d081b43-c7e1-48a0-8d48-6cd97f723de8,Т671КР31(ТМ),2026-05-07,15,1,01:58:37,499,02:40:46,10:41:53,1370.34395579653,835.0987477975594,835.0987477975594,534.3111362804857,1011.75,datasets/raw/bo_tracks_by_unit_day_1d081b43_2026-05-07.json
1d081b43-c7e1-48a0-8d48-6cd97f723de8,Т671КР31(ТМ),2026-05-07,16,2,02:31:10,2,02:40:46,10:41:53,1370.34395579653,835.0987477975594,835.0987477975594,534.3111362804857,1011.75,datasets/raw/bo_tracks_by_unit_day_1d081b43_2026-05-07.json
1d081b43-c7e1-48a0-8d48-6cd97f723de8,Т671КР31(ТМ),2026-05-07,17,3,01:46:28,1,02:40:46,10:41:53,1370.34395579653,835.0987477975594,835.0987477975594,534.3111362804857,1011.75,datasets/raw/bo_tracks_by_unit_day_1d081b43_2026-05-07.json
1d081b43-c7e1-48a0-8d48-6cd97f723de8,Т671КР31(ТМ),2026-05-08,1,3,01:31:41,1,00:31:25,12:02:34,1395.12301290485,850.2153725036757,850.2153725036757,543.8425770030453,1031.875,datasets/raw/bo_tracks_by_unit_day_1d081b43_2026-05-08.json
1d081b43-c7e1-48a0-8d48-6cd97f723de8,Т671КР31(ТМ),2026-05-08,2,1,00:13:37,70,00:31:25,12:02:34,1395.12301290485,850.2153725036757,850.2153725036757,543.8425770030453,1031.875,datasets/raw/bo_tracks_by_unit_day_1d081b43_2026-05-08.json
1d081b43-c7e1-48a0-8d48-6cd97f723de8,Т671КР31(ТМ),2026-05-08,3,2,00:16:48,2,00:31:25,12:02:34,1395.12301290485,850.2153725036757,850.2153725036757,543.8425770030453,1031.875,datasets/raw/bo_tracks_by_unit_day_1d081b43_2026-05-08.json
1d081b43-c7e1-48a0-8d48-6cd97f723de8,Т671КР31(ТМ),2026-05-08,4,1,00:02:47,21,00:31:25,12:02:34,1395.12301290485,850.2153725036757,850.2153725036757,543.8425770030453,1031.875,datasets/raw/bo_tracks_by_unit_day_1d081b43_2026-05-08.json
1d081b43-c7e1-48a0-8d48-6cd97f723de8,Т671КР31(ТМ),2026-05-08,5,3,01:01:12,2,00:31:25,12:02:34,1395.12301290485,850.2153725036757,850.2153725036757,543.8425770030453,1031.875,datasets/raw/bo_tracks_by_unit_day_1d081b43_2026-05-08.json
1d081b43-c7e1-48a0-8d48-6cd97f723de8,Т671КР31(ТМ),2026-05-08,6,2,00:01:50,2,00:31:25,12:02:34,1395.12301290485,850.2153725036757,850.2153725036757,543.8425770030453,1031.875,datasets/raw/bo_tracks_by_unit_day_1d081b43_2026-05-08.json
1d081b43-c7e1-48a0-8d48-6cd97f723de8,Т671КР31(ТМ),2026-05-08,7,1,00:27:29,35,00:31:25,12:02:34,1395.12301290485,850.2153725036757,850.2153725036757,543.8425770030453,1031.875,datasets/raw/bo_tracks_by_unit_day_1d081b43_2026-05-08.json
1d081b43-c7e1-48a0-8d48-6cd97f723de8,Т671КР31(ТМ),2026-05-08,8,3,00:38:41,2,00:31:25,12:02:34,1395.12301290485,850.2153725036757,850.2153725036757,543.8425770030453,1031.875,datasets/raw/bo_tracks_by_unit_day_1d081b43_2026-05-08.json
1d081b43-c7e1-48a0-8d48-6cd97f723de8,Т671КР31(ТМ),2026-05-08,9,1,02:24:40,481,00:31:25,12:02:34,1395.12301290485,850.2153725036757,850.2153725036757,543.8425770030453,1031.875,datasets/raw/bo_tracks_by_unit_day_1d081b43_2026-05-08.json
1d081b43-c7e1-48a0-8d48-6cd97f723de8,Т671КР31(ТМ),2026-05-08,10,3,00:38:18,2,00:31:25,12:02:34,1395.12301290485,850.2153725036757,850.2153725036757,543.8425770030453,1031.875,datasets/raw/bo_tracks_by_unit_day_1d081b43_2026-05-08.json
1d081b43-c7e1-48a0-8d48-6cd97f723de8,Т671КР31(ТМ),2026-05-08,11,1,02:58:04,759,00:31:25,12:02:34,1395.12301290485,850.2153725036757,850.2153725036757,543.8425770030453,1031.875,datasets/raw/bo_tracks_by_unit_day_1d081b43_2026-05-08.json
1d081b43-c7e1-48a0-8d48-6cd97f723de8,Т671КР31(ТМ),2026-05-08,12,3,01:33:48,2,00:31:25,12:02:34,1395.12301290485,850.2153725036757,850.2153725036757,543.8425770030453,1031.875,datasets/raw/bo_tracks_by_unit_day_1d081b43_2026-05-08.json
1d081b43-c7e1-48a0-8d48-6cd97f723de8,Т671КР31(ТМ),2026-05-08,13,1,00:02:50,34,00:31:25,12:02:34,1395.12301290485,850.2153725036757,850.2153725036757,543.8425770030453,1031.875,datasets/raw/bo_tracks_by_unit_day_1d081b43_2026-05-08.json
1d081b43-c7e1-48a0-8d48-6cd97f723de8,Т671КР31(ТМ),2026-05-08,14,3,00:23:23,2,00:31:25,12:02:34,1395.12301290485,850.2153725036757,850.2153725036757,543.8425770030453,1031.875,datasets/raw/bo_tracks_by_unit_day_1d081b43_2026-05-08.json
1d081b43-c7e1-48a0-8d48-6cd97f723de8,Т671КР31(ТМ),2026-05-08,15,1,03:07:20,746,00:31:25,12:02:34,1395.12301290485,850.2153725036757,850.2153725036757,543.8425770030453,1031.875,datasets/raw/bo_tracks_by_unit_day_1d081b43_2026-05-08.json
1d081b43-c7e1-48a0-8d48-6cd97f723de8,Т671КР31(ТМ),2026-05-08,16,3,00:21:22,2,00:31:25,12:02:34,1395.12301290485,850.2153725036757,850.2153725036757,543.8425770030453,1031.875,datasets/raw/bo_tracks_by_unit_day_1d081b43_2026-05-08.json
1d081b43-c7e1-48a0-8d48-6cd97f723de8,Т671КР31(ТМ),2026-05-08,17,1,02:43:10,545,00:31:25,12:02:34,1395.12301290485,850.2153725036757,850.2153725036757,543.8425770030453,1031.875,datasets/raw/bo_tracks_by_unit_day_1d081b43_2026-05-08.json
1d081b43-c7e1-48a0-8d48-6cd97f723de8,Т671КР31(ТМ),2026-05-08,18,3,01:20:06,2,00:31:25,12:02:34,1395.12301290485,850.2153725036757,850.2153725036757,543.8425770030453,1031.875,datasets/raw/bo_tracks_by_unit_day_1d081b43_2026-05-08.json
1d081b43-c7e1-48a0-8d48-6cd97f723de8,Т671КР31(ТМ),2026-05-08,19,1,00:00:17,5,00:31:25,12:02:34,1395.12301290485,850.2153725036757,850.2153725036757,543.8425770030453,1031.875,datasets/raw/bo_tracks_by_unit_day_1d081b43_2026-05-08.json
1d081b43-c7e1-48a0-8d48-6cd97f723de8,Т671КР31(ТМ),2026-05-08,20,2,00:12:47,2,00:31:25,12:02:34,1395.12301290485,850.2153725036757,850.2153725036757,543.8425770030453,1031.875,datasets/raw/bo_tracks_by_unit_day_1d081b43_2026-05-08.json
1d081b43-c7e1-48a0-8d48-6cd97f723de8,Т671КР31(ТМ),2026-05-08,21,1,00:02:20,43,00:31:25,12:02:34,1395.12301290485,850.2153725036757,850.2153725036757,543.8425770030453,1031.875,datasets/raw/bo_tracks_by_unit_day_1d081b43_2026-05-08.json
1d081b43-c7e1-48a0-8d48-6cd97f723de8,Т671КР31(ТМ),2026-05-08,22,3,03:57:30,1,00:31:25,12:02:34,1395.12301290485,850.2153725036757,850.2153725036757,543.8425770030453,1031.875,datasets/raw/bo_tracks_by_unit_day_1d081b43_2026-05-08.json
1d081b43-c7e1-48a0-8d48-6cd97f723de8,Т671КР31(ТМ),2026-05-09,1,3,04:58:53,1,00:57:39,11:55:19,1442.88310986276,848.260917283466,848.260917283466,594.6114339386893,884.0,datasets/raw/bo_tracks_by_unit_day_1d081b43_2026-05-09.json
1d081b43-c7e1-48a0-8d48-6cd97f723de8,Т671КР31(ТМ),2026-05-09,2,1,05:22:52,1395,00:57:39,11:55:19,1442.88310986276,848.260917283466,848.260917283466,594.6114339386893,884.0,datasets/raw/bo_tracks_by_unit_day_1d081b43_2026-05-09.json
1d081b43-c7e1-48a0-8d48-6cd97f723de8,Т671КР31(ТМ),2026-05-09,3,2,00:57:39,2,00:57:39,11:55:19,1442.88310986276,848.260917283466,848.260917283466,594.6114339386893,884.0,datasets/raw/bo_tracks_by_unit_day_1d081b43_2026-05-09.json
1d081b43-c7e1-48a0-8d48-6cd97f723de8,Т671КР31(ТМ),2026-05-09,4,1,06:30:57,1645,00:57:39,11:55:19,1442.88310986276,848.260917283466,848.260917283466,594.6114339386893,884.0,datasets/raw/bo_tracks_by_unit_day_1d081b43_2026-05-09.json
1d081b43-c7e1-48a0-8d48-6cd97f723de8,Т671КР31(ТМ),2026-05-09,5,3,00:41:59,2,00:57:39,11:55:19,1442.88310986276,848.260917283466,848.260917283466,594.6114339386893,884.0,datasets/raw/bo_tracks_by_unit_day_1d081b43_2026-05-09.json
1d081b43-c7e1-48a0-8d48-6cd97f723de8,Т671КР31(ТМ),2026-05-09,6,1,00:01:30,37,00:57:39,11:55:19,1442.88310986276,848.260917283466,848.260917283466,594.6114339386893,884.0,datasets/raw/bo_tracks_by_unit_day_1d081b43_2026-05-09.json
1d081b43-c7e1-48a0-8d48-6cd97f723de8,Т671КР31(ТМ),2026-05-09,7,3,05:26:10,1,00:57:39,11:55:19,1442.88310986276,848.260917283466,848.260917283466,594.6114339386893,884.0,datasets/raw/bo_tracks_by_unit_day_1d081b43_2026-05-09.json
1d081b43-c7e1-48a0-8d48-6cd97f723de8,Т671КР31(ТМ),2026-05-10,1,3,03:28:33,1,00:59:01,12:02:30,1401.53763697026,857.8820891871075,857.8820891871075,543.6249963478676,915.625,datasets/raw/bo_tracks_by_unit_day_1d081b43_2026-05-10.json
1d081b43-c7e1-48a0-8d48-6cd97f723de8,Т671КР31(ТМ),2026-05-10,2,1,05:43:26,1558,00:59:01,12:02:30,1401.53763697026,857.8820891871075,857.8820891871075,543.6249963478676,915.625,datasets/raw/bo_tracks_by_unit_day_1d081b43_2026-05-10.json
1d081b43-c7e1-48a0-8d48-6cd97f723de8,Т671КР31(ТМ),2026-05-10,3,2,00:29:38,2,00:59:01,12:02:30,1401.53763697026,857.8820891871075,857.8820891871075,543.6249963478676,915.625,datasets/raw/bo_tracks_by_unit_day_1d081b43_2026-05-10.json
1d081b43-c7e1-48a0-8d48-6cd97f723de8,Т671КР31(ТМ),2026-05-10,4,1,04:53:14,1216,00:59:01,12:02:30,1401.53763697026,857.8820891871075,857.8820891871075,543.6249963478676,915.625,datasets/raw/bo_tracks_by_unit_day_1d081b43_2026-05-10.json
1d081b43-c7e1-48a0-8d48-6cd97f723de8,Т671КР31(ТМ),2026-05-10,5,2,00:29:23,2,00:59:01,12:02:30,1401.53763697026,857.8820891871075,857.8820891871075,543.6249963478676,915.625,datasets/raw/bo_tracks_by_unit_day_1d081b43_2026-05-10.json
1d081b43-c7e1-48a0-8d48-6cd97f723de8,Т671КР31(ТМ),2026-05-10,6,1,01:25:36,310,00:59:01,12:02:30,1401.53763697026,857.8820891871075,857.8820891871075,543.6249963478676,915.625,datasets/raw/bo_tracks_by_unit_day_1d081b43_2026-05-10.json
1d081b43-c7e1-48a0-8d48-6cd97f723de8,Т671КР31(ТМ),2026-05-10,7,3,00:36:28,2,00:59:01,12:02:30,1401.53763697026,857.8820891871075,857.8820891871075,543.6249963478676,915.625,datasets/raw/bo_tracks_by_unit_day_1d081b43_2026-05-10.json
1d081b43-c7e1-48a0-8d48-6cd97f723de8,Т671КР31(ТМ),2026-05-10,8,1,00:00:14,10,00:59:01,12:02:30,1401.53763697026,857.8820891871075,857.8820891871075,543.6249963478676,915.625,datasets/raw/bo_tracks_by_unit_day_1d081b43_2026-05-10.json
1d081b43-c7e1-48a0-8d48-6cd97f723de8,Т671КР31(ТМ),2026-05-10,9,3,06:53:28,1,00:59:01,12:02:30,1401.53763697026,857.8820891871075,857.8820891871075,543.6249963478676,915.625,datasets/raw/bo_tracks_by_unit_day_1d081b43_2026-05-10.json
203f2a64-e628-4b54-aa08-724b9a55702a,С725АТ159(ТМ),2026-05-04,1,1,01:31:53,1027,16:37:08,07:22:52,204.282445118042,203.95042871961857,203.95042871961857,0.0,210.359375,datasets/raw/bo_tracks_by_unit_day_203f2a64_2026-05-04.json
203f2a64-e628-4b54-aa08-724b9a55702a,С725АТ159(ТМ),2026-05-04,2,2,00:54:47,2,16:37:08,07:22:52,204.282445118042,203.95042871961857,203.95042871961857,0.0,210.359375,datasets/raw/bo_tracks_by_unit_day_203f2a64_2026-05-04.json
203f2a64-e628-4b54-aa08-724b9a55702a,С725АТ159(ТМ),2026-05-04,3,1,01:30:41,931,16:37:08,07:22:52,204.282445118042,203.95042871961857,203.95042871961857,0.0,210.359375,datasets/raw/bo_tracks_by_unit_day_203f2a64_2026-05-04.json
203f2a64-e628-4b54-aa08-724b9a55702a,С725АТ159(ТМ),2026-05-04,4,2,14:02:27,2,16:37:08,07:22:52,204.282445118042,203.95042871961857,203.95042871961857,0.0,210.359375,datasets/raw/bo_tracks_by_unit_day_203f2a64_2026-05-04.json
203f2a64-e628-4b54-aa08-724b9a55702a,С725АТ159(ТМ),2026-05-04,5,1,00:44:06,698,16:37:08,07:22:52,204.282445118042,203.95042871961857,203.95042871961857,0.0,210.359375,datasets/raw/bo_tracks_by_unit_day_203f2a64_2026-05-04.json
203f2a64-e628-4b54-aa08-724b9a55702a,С725АТ159(ТМ),2026-05-04,6,2,00:37:32,2,16:37:08,07:22:52,204.282445118042,203.95042871961857,203.95042871961857,0.0,210.359375,datasets/raw/bo_tracks_by_unit_day_203f2a64_2026-05-04.json
203f2a64-e628-4b54-aa08-724b9a55702a,С725АТ159(ТМ),2026-05-04,7,1,01:08:45,692,16:37:08,07:22:52,204.282445118042,203.95042871961857,203.95042871961857,0.0,210.359375,datasets/raw/bo_tracks_by_unit_day_203f2a64_2026-05-04.json
203f2a64-e628-4b54-aa08-724b9a55702a,С725АТ159(ТМ),2026-05-04,8,2,00:11:45,2,16:37:08,07:22:52,204.282445118042,203.95042871961857,203.95042871961857,0.0,210.359375,datasets/raw/bo_tracks_by_unit_day_203f2a64_2026-05-04.json
203f2a64-e628-4b54-aa08-724b9a55702a,С725АТ159(ТМ),2026-05-04,9,1,01:37:13,1242,16:37:08,07:22:52,204.282445118042,203.95042871961857,203.95042871961857,0.0,210.359375,datasets/raw/bo_tracks_by_unit_day_203f2a64_2026-05-04.json
203f2a64-e628-4b54-aa08-724b9a55702a,С725АТ159(ТМ),2026-05-04,10,2,00:16:33,2,16:37:08,07:22:52,204.282445118042,203.95042871961857,203.95042871961857,0.0,210.359375,datasets/raw/bo_tracks_by_unit_day_203f2a64_2026-05-04.json
203f2a64-e628-4b54-aa08-724b9a55702a,С725АТ159(ТМ),2026-05-04,11,1,00:08:09,55,16:37:08,07:22:52,204.282445118042,203.95042871961857,203.95042871961857,0.0,210.359375,datasets/raw/bo_tracks_by_unit_day_203f2a64_2026-05-04.json
203f2a64-e628-4b54-aa08-724b9a55702a,С725АТ159(ТМ),2026-05-04,12,2,00:34:04,2,16:37:08,07:22:52,204.282445118042,203.95042871961857,203.95042871961857,0.0,210.359375,datasets/raw/bo_tracks_by_unit_day_203f2a64_2026-05-04.json
203f2a64-e628-4b54-aa08-724b9a55702a,С725АТ159(ТМ),2026-05-04,13,1,00:42:05,565,16:37:08,07:22:52,204.282445118042,203.95042871961857,203.95042871961857,0.0,210.359375,datasets/raw/bo_tracks_by_unit_day_203f2a64_2026-05-04.json
203f2a64-e628-4b54-aa08-724b9a55702a,С725АТ159(ТМ),2026-05-05,1,1,00:11:56,51,16:29:34,06:55:20,215.472112658333,212.60865464319798,212.60865464319798,0.9834969693467552,220.125,datasets/raw/bo_tracks_by_unit_day_203f2a64_2026-05-05.json
203f2a64-e628-4b54-aa08-724b9a55702a,С725АТ159(ТМ),2026-05-05,2,2,00:37:05,2,16:29:34,06:55:20,215.472112658333,212.60865464319798,212.60865464319798,0.9834969693467552,220.125,datasets/raw/bo_tracks_by_unit_day_203f2a64_2026-05-05.json
203f2a64-e628-4b54-aa08-724b9a55702a,С725АТ159(ТМ),2026-05-05,3,1,01:10:16,911,16:29:34,06:55:20,215.472112658333,212.60865464319798,212.60865464319798,0.9834969693467552,220.125,datasets/raw/bo_tracks_by_unit_day_203f2a64_2026-05-05.json
203f2a64-e628-4b54-aa08-724b9a55702a,С725АТ159(ТМ),2026-05-05,4,3,00:35:06,2,16:29:34,06:55:20,215.472112658333,212.60865464319798,212.60865464319798,0.9834969693467552,220.125,datasets/raw/bo_tracks_by_unit_day_203f2a64_2026-05-05.json
203f2a64-e628-4b54-aa08-724b9a55702a,С725АТ159(ТМ),2026-05-05,5,1,01:43:02,888,16:29:34,06:55:20,215.472112658333,212.60865464319798,212.60865464319798,0.9834969693467552,220.125,datasets/raw/bo_tracks_by_unit_day_203f2a64_2026-05-05.json
203f2a64-e628-4b54-aa08-724b9a55702a,С725АТ159(ТМ),2026-05-05,6,2,02:04:32,2,16:29:34,06:55:20,215.472112658333,212.60865464319798,212.60865464319798,0.9834969693467552,220.125,datasets/raw/bo_tracks_by_unit_day_203f2a64_2026-05-05.json
203f2a64-e628-4b54-aa08-724b9a55702a,С725АТ159(ТМ),2026-05-05,7,1,00:01:56,29,16:29:34,06:55:20,215.472112658333,212.60865464319798,212.60865464319798,0.9834969693467552,220.125,datasets/raw/bo_tracks_by_unit_day_203f2a64_2026-05-05.json
203f2a64-e628-4b54-aa08-724b9a55702a,С725АТ159(ТМ),2026-05-05,8,2,11:40:09,2,16:29:34,06:55:20,215.472112658333,212.60865464319798,212.60865464319798,0.9834969693467552,220.125,datasets/raw/bo_tracks_by_unit_day_203f2a64_2026-05-05.json
203f2a64-e628-4b54-aa08-724b9a55702a,С725АТ159(ТМ),2026-05-05,9,1,00:45:48,740,16:29:34,06:55:20,215.472112658333,212.60865464319798,212.60865464319798,0.9834969693467552,220.125,datasets/raw/bo_tracks_by_unit_day_203f2a64_2026-05-05.json
203f2a64-e628-4b54-aa08-724b9a55702a,С725АТ159(ТМ),2026-05-05,10,2,00:51:13,2,16:29:34,06:55:20,215.472112658333,212.60865464319798,212.60865464319798,0.9834969693467552,220.125,datasets/raw/bo_tracks_by_unit_day_203f2a64_2026-05-05.json
203f2a64-e628-4b54-aa08-724b9a55702a,С725АТ159(ТМ),2026-05-05,11,1,01:39:23,1277,16:29:34,06:55:20,215.472112658333,212.60865464319798,212.60865464319798,0.9834969693467552,220.125,datasets/raw/bo_tracks_by_unit_day_203f2a64_2026-05-05.json
203f2a64-e628-4b54-aa08-724b9a55702a,С725АТ159(ТМ),2026-05-05,12,2,00:10:46,2,16:29:34,06:55:20,215.472112658333,212.60865464319798,212.60865464319798,0.9834969693467552,220.125,datasets/raw/bo_tracks_by_unit_day_203f2a64_2026-05-05.json
203f2a64-e628-4b54-aa08-724b9a55702a,С725АТ159(ТМ),2026-05-05,13,1,01:00:30,704,16:29:34,06:55:20,215.472112658333,212.60865464319798,212.60865464319798,0.9834969693467552,220.125,datasets/raw/bo_tracks_by_unit_day_203f2a64_2026-05-05.json
203f2a64-e628-4b54-aa08-724b9a55702a,С725АТ159(ТМ),2026-05-05,14,2,01:05:49,2,16:29:34,06:55:20,215.472112658333,212.60865464319798,212.60865464319798,0.9834969693467552,220.125,datasets/raw/bo_tracks_by_unit_day_203f2a64_2026-05-05.json
203f2a64-e628-4b54-aa08-724b9a55702a,С725АТ159(ТМ),2026-05-05,15,1,00:22:29,414,16:29:34,06:55:20,215.472112658333,212.60865464319798,212.60865464319798,0.9834969693467552,220.125,datasets/raw/bo_tracks_by_unit_day_203f2a64_2026-05-05.json
203f2a64-e628-4b54-aa08-724b9a55702a,С725АТ159(ТМ),2026-05-06,1,1,00:25:24,138,15:46:11,08:13:49,220.0204174685,219.45965956115967,219.45965956115967,0.0,222.82421875,datasets/raw/bo_tracks_by_unit_day_203f2a64_2026-05-06.json
203f2a64-e628-4b54-aa08-724b9a55702a,С725АТ159(ТМ),2026-05-06,2,2,00:16:45,2,15:46:11,08:13:49,220.0204174685,219.45965956115967,219.45965956115967,0.0,222.82421875,datasets/raw/bo_tracks_by_unit_day_203f2a64_2026-05-06.json
203f2a64-e628-4b54-aa08-724b9a55702a,С725АТ159(ТМ),2026-05-06,3,1,01:26:58,1197,15:46:11,08:13:49,220.0204174685,219.45965956115967,219.45965956115967,0.0,222.82421875,datasets/raw/bo_tracks_by_unit_day_203f2a64_2026-05-06.json
203f2a64-e628-4b54-aa08-724b9a55702a,С725АТ159(ТМ),2026-05-06,4,2,00:14:21,2,15:46:11,08:13:49,220.0204174685,219.45965956115967,219.45965956115967,0.0,222.82421875,datasets/raw/bo_tracks_by_unit_day_203f2a64_2026-05-06.json
203f2a64-e628-4b54-aa08-724b9a55702a,С725АТ159(ТМ),2026-05-06,5,1,01:52:13,982,15:46:11,08:13:49,220.0204174685,219.45965956115967,219.45965956115967,0.0,222.82421875,datasets/raw/bo_tracks_by_unit_day_203f2a64_2026-05-06.json
203f2a64-e628-4b54-aa08-724b9a55702a,С725АТ159(ТМ),2026-05-06,6,2,00:47:49,2,15:46:11,08:13:49,220.0204174685,219.45965956115967,219.45965956115967,0.0,222.82421875,datasets/raw/bo_tracks_by_unit_day_203f2a64_2026-05-06.json
203f2a64-e628-4b54-aa08-724b9a55702a,С725АТ159(ТМ),2026-05-06,7,1,00:09:06,36,15:46:11,08:13:49,220.0204174685,219.45965956115967,219.45965956115967,0.0,222.82421875,datasets/raw/bo_tracks_by_unit_day_203f2a64_2026-05-06.json
203f2a64-e628-4b54-aa08-724b9a55702a,С725АТ159(ТМ),2026-05-06,8,2,12:11:09,2,15:46:11,08:13:49,220.0204174685,219.45965956115967,219.45965956115967,0.0,222.82421875,datasets/raw/bo_tracks_by_unit_day_203f2a64_2026-05-06.json
203f2a64-e628-4b54-aa08-724b9a55702a,С725АТ159(ТМ),2026-05-06,9,1,00:04:28,20,15:46:11,08:13:49,220.0204174685,219.45965956115967,219.45965956115967,0.0,222.82421875,datasets/raw/bo_tracks_by_unit_day_203f2a64_2026-05-06.json
203f2a64-e628-4b54-aa08-724b9a55702a,С725АТ159(ТМ),2026-05-06,10,2,00:28:31,2,15:46:11,08:13:49,220.0204174685,219.45965956115967,219.45965956115967,0.0,222.82421875,datasets/raw/bo_tracks_by_unit_day_203f2a64_2026-05-06.json
203f2a64-e628-4b54-aa08-724b9a55702a,С725АТ159(ТМ),2026-05-06,11,1,00:42:37,691,15:46:11,08:13:49,220.0204174685,219.45965956115967,219.45965956115967,0.0,222.82421875,datasets/raw/bo_tracks_by_unit_day_203f2a64_2026-05-06.json
203f2a64-e628-4b54-aa08-724b9a55702a,С725АТ159(ТМ),2026-05-06,12,2,00:13:43,2,15:46:11,08:13:49,220.0204174685,219.45965956115967,219.45965956115967,0.0,222.82421875,datasets/raw/bo_tracks_by_unit_day_203f2a64_2026-05-06.json
203f2a64-e628-4b54-aa08-724b9a55702a,С725АТ159(ТМ),2026-05-06,13,1,01:45:04,1276,15:46:11,08:13:49,220.0204174685,219.45965956115967,219.45965956115967,0.0,222.82421875,datasets/raw/bo_tracks_by_unit_day_203f2a64_2026-05-06.json
203f2a64-e628-4b54-aa08-724b9a55702a,С725АТ159(ТМ),2026-05-06,14,2,00:14:09,2,15:46:11,08:13:49,220.0204174685,219.45965956115967,219.45965956115967,0.0,222.82421875,datasets/raw/bo_tracks_by_unit_day_203f2a64_2026-05-06.json
203f2a64-e628-4b54-aa08-724b9a55702a,С725АТ159(ТМ),2026-05-06,15,1,00:54:59,660,15:46:11,08:13:49,220.0204174685,219.45965956115967,219.45965956115967,0.0,222.82421875,datasets/raw/bo_tracks_by_unit_day_203f2a64_2026-05-06.json
203f2a64-e628-4b54-aa08-724b9a55702a,С725АТ159(ТМ),2026-05-06,16,2,00:12:58,2,15:46:11,08:13:49,220.0204174685,219.45965956115967,219.45965956115967,0.0,222.82421875,datasets/raw/bo_tracks_by_unit_day_203f2a64_2026-05-06.json
203f2a64-e628-4b54-aa08-724b9a55702a,С725АТ159(ТМ),2026-05-06,17,1,00:05:24,59,15:46:11,08:13:49,220.0204174685,219.45965956115967,219.45965956115967,0.0,222.82421875,datasets/raw/bo_tracks_by_unit_day_203f2a64_2026-05-06.json
203f2a64-e628-4b54-aa08-724b9a55702a,С725АТ159(ТМ),2026-05-06,18,2,01:06:46,2,15:46:11,08:13:49,220.0204174685,219.45965956115967,219.45965956115967,0.0,222.82421875,datasets/raw/bo_tracks_by_unit_day_203f2a64_2026-05-06.json
203f2a64-e628-4b54-aa08-724b9a55702a,С725АТ159(ТМ),2026-05-06,19,1,00:47:36,552,15:46:11,08:13:49,220.0204174685,219.45965956115967,219.45965956115967,0.0,222.82421875,datasets/raw/bo_tracks_by_unit_day_203f2a64_2026-05-06.json
203f2a64-e628-4b54-aa08-724b9a55702a,С725АТ159(ТМ),2026-05-07,1,1,02:30:15,1793,20:56:38,03:03:22,86.263116910331,85.96961943972043,85.96961943972043,0.0,86.94921875,datasets/raw/bo_tracks_by_unit_day_203f2a64_2026-05-07.json
203f2a64-e628-4b54-aa08-724b9a55702a,С725АТ159(ТМ),2026-05-07,2,2,00:11:18,2,20:56:38,03:03:22,86.263116910331,85.96961943972043,85.96961943972043,0.0,86.94921875,datasets/raw/bo_tracks_by_unit_day_203f2a64_2026-05-07.json
203f2a64-e628-4b54-aa08-724b9a55702a,С725АТ159(ТМ),2026-05-07,3,1,00:29:07,355,20:56:38,03:03:22,86.263116910331,85.96961943972043,85.96961943972043,0.0,86.94921875,datasets/raw/bo_tracks_by_unit_day_203f2a64_2026-05-07.json
203f2a64-e628-4b54-aa08-724b9a55702a,С725АТ159(ТМ),2026-05-07,4,2,01:08:05,2,20:56:38,03:03:22,86.263116910331,85.96961943972043,85.96961943972043,0.0,86.94921875,datasets/raw/bo_tracks_by_unit_day_203f2a64_2026-05-07.json
203f2a64-e628-4b54-aa08-724b9a55702a,С725АТ159(ТМ),2026-05-07,5,1,00:04:00,36,20:56:38,03:03:22,86.263116910331,85.96961943972043,85.96961943972043,0.0,86.94921875,datasets/raw/bo_tracks_by_unit_day_203f2a64_2026-05-07.json
203f2a64-e628-4b54-aa08-724b9a55702a,С725АТ159(ТМ),2026-05-07,6,2,19:37:15,2,20:56:38,03:03:22,86.263116910331,85.96961943972043,85.96961943972043,0.0,86.94921875,datasets/raw/bo_tracks_by_unit_day_203f2a64_2026-05-07.json
203f2a64-e628-4b54-aa08-724b9a55702a,С725АТ159(ТМ),2026-05-08,1,2,05:37:44,2,09:02:51,06:23:13,214.528474374216,210.87224816230284,210.87224816230284,3.247324689803116,221.65625,datasets/raw/bo_tracks_by_unit_day_203f2a64_2026-05-08.json
203f2a64-e628-4b54-aa08-724b9a55702a,С725АТ159(ТМ),2026-05-08,2,1,00:05:56,51,09:02:51,06:23:13,214.528474374216,210.87224816230284,210.87224816230284,3.247324689803116,221.65625,datasets/raw/bo_tracks_by_unit_day_203f2a64_2026-05-08.json
203f2a64-e628-4b54-aa08-724b9a55702a,С725АТ159(ТМ),2026-05-08,3,2,00:20:27,2,09:02:51,06:23:13,214.528474374216,210.87224816230284,210.87224816230284,3.247324689803116,221.65625,datasets/raw/bo_tracks_by_unit_day_203f2a64_2026-05-08.json
203f2a64-e628-4b54-aa08-724b9a55702a,С725АТ159(ТМ),2026-05-08,4,1,00:42:40,614,09:02:51,06:23:13,214.528474374216,210.87224816230284,210.87224816230284,3.247324689803116,221.65625,datasets/raw/bo_tracks_by_unit_day_203f2a64_2026-05-08.json
203f2a64-e628-4b54-aa08-724b9a55702a,С725АТ159(ТМ),2026-05-08,5,3,00:42:58,2,09:02:51,06:23:13,214.528474374216,210.87224816230284,210.87224816230284,3.247324689803116,221.65625,datasets/raw/bo_tracks_by_unit_day_203f2a64_2026-05-08.json
203f2a64-e628-4b54-aa08-724b9a55702a,С725АТ159(ТМ),2026-05-08,6,1,01:29:16,951,09:02:51,06:23:13,214.528474374216,210.87224816230284,210.87224816230284,3.247324689803116,221.65625,datasets/raw/bo_tracks_by_unit_day_203f2a64_2026-05-08.json
203f2a64-e628-4b54-aa08-724b9a55702a,С725АТ159(ТМ),2026-05-08,7,3,00:58:08,2,09:02:51,06:23:13,214.528474374216,210.87224816230284,210.87224816230284,3.247324689803116,221.65625,datasets/raw/bo_tracks_by_unit_day_203f2a64_2026-05-08.json
203f2a64-e628-4b54-aa08-724b9a55702a,С725АТ159(ТМ),2026-05-08,8,1,00:34:30,475,09:02:51,06:23:13,214.528474374216,210.87224816230284,210.87224816230284,3.247324689803116,221.65625,datasets/raw/bo_tracks_by_unit_day_203f2a64_2026-05-08.json
203f2a64-e628-4b54-aa08-724b9a55702a,С725АТ159(ТМ),2026-05-08,9,2,00:41:57,2,09:02:51,06:23:13,214.528474374216,210.87224816230284,210.87224816230284,3.247324689803116,221.65625,datasets/raw/bo_tracks_by_unit_day_203f2a64_2026-05-08.json
203f2a64-e628-4b54-aa08-724b9a55702a,С725АТ159(ТМ),2026-05-08,10,1,00:42:17,530,09:02:51,06:23:13,214.528474374216,210.87224816230284,210.87224816230284,3.247324689803116,221.65625,datasets/raw/bo_tracks_by_unit_day_203f2a64_2026-05-08.json
203f2a64-e628-4b54-aa08-724b9a55702a,С725АТ159(ТМ),2026-05-08,11,2,00:20:55,2,09:02:51,06:23:13,214.528474374216,210.87224816230284,210.87224816230284,3.247324689803116,221.65625,datasets/raw/bo_tracks_by_unit_day_203f2a64_2026-05-08.json
203f2a64-e628-4b54-aa08-724b9a55702a,С725АТ159(ТМ),2026-05-08,12,1,00:45:07,647,09:02:51,06:23:13,214.528474374216,210.87224816230284,210.87224816230284,3.247324689803116,221.65625,datasets/raw/bo_tracks_by_unit_day_203f2a64_2026-05-08.json
203f2a64-e628-4b54-aa08-724b9a55702a,С725АТ159(ТМ),2026-05-08,13,2,00:17:31,2,09:02:51,06:23:13,214.528474374216,210.87224816230284,210.87224816230284,3.247324689803116,221.65625,datasets/raw/bo_tracks_by_unit_day_203f2a64_2026-05-08.json
203f2a64-e628-4b54-aa08-724b9a55702a,С725АТ159(ТМ),2026-05-08,14,1,00:43:55,525,09:02:51,06:23:13,214.528474374216,210.87224816230284,210.87224816230284,3.247324689803116,221.65625,datasets/raw/bo_tracks_by_unit_day_203f2a64_2026-05-08.json
203f2a64-e628-4b54-aa08-724b9a55702a,С725АТ159(ТМ),2026-05-08,15,2,00:15:09,2,09:02:51,06:23:13,214.528474374216,210.87224816230284,210.87224816230284,3.247324689803116,221.65625,datasets/raw/bo_tracks_by_unit_day_203f2a64_2026-05-08.json
203f2a64-e628-4b54-aa08-724b9a55702a,С725АТ159(ТМ),2026-05-08,16,1,00:01:27,18,09:02:51,06:23:13,214.528474374216,210.87224816230284,210.87224816230284,3.247324689803116,221.65625,datasets/raw/bo_tracks_by_unit_day_203f2a64_2026-05-08.json
203f2a64-e628-4b54-aa08-724b9a55702a,С725АТ159(ТМ),2026-05-08,17,2,00:10:46,2,09:02:51,06:23:13,214.528474374216,210.87224816230284,210.87224816230284,3.247324689803116,221.65625,datasets/raw/bo_tracks_by_unit_day_203f2a64_2026-05-08.json
203f2a64-e628-4b54-aa08-724b9a55702a,С725АТ159(ТМ),2026-05-08,18,1,00:01:34,22,09:02:51,06:23:13,214.528474374216,210.87224816230284,210.87224816230284,3.247324689803116,221.65625,datasets/raw/bo_tracks_by_unit_day_203f2a64_2026-05-08.json
203f2a64-e628-4b54-aa08-724b9a55702a,С725АТ159(ТМ),2026-05-08,19,2,00:12:32,2,09:02:51,06:23:13,214.528474374216,210.87224816230284,210.87224816230284,3.247324689803116,221.65625,datasets/raw/bo_tracks_by_unit_day_203f2a64_2026-05-08.json
203f2a64-e628-4b54-aa08-724b9a55702a,С725АТ159(ТМ),2026-05-08,20,1,00:33:11,533,09:02:51,06:23:13,214.528474374216,210.87224816230284,210.87224816230284,3.247324689803116,221.65625,datasets/raw/bo_tracks_by_unit_day_203f2a64_2026-05-08.json
203f2a64-e628-4b54-aa08-724b9a55702a,С725АТ159(ТМ),2026-05-08,21,2,00:12:09,2,09:02:51,06:23:13,214.528474374216,210.87224816230284,210.87224816230284,3.247324689803116,221.65625,datasets/raw/bo_tracks_by_unit_day_203f2a64_2026-05-08.json
203f2a64-e628-4b54-aa08-724b9a55702a,С725АТ159(ТМ),2026-05-08,22,1,00:11:24,109,09:02:51,06:23:13,214.528474374216,210.87224816230284,210.87224816230284,3.247324689803116,221.65625,datasets/raw/bo_tracks_by_unit_day_203f2a64_2026-05-08.json
203f2a64-e628-4b54-aa08-724b9a55702a,С725АТ159(ТМ),2026-05-08,23,2,00:53:41,2,09:02:51,06:23:13,214.528474374216,210.87224816230284,210.87224816230284,3.247324689803116,221.65625,datasets/raw/bo_tracks_by_unit_day_203f2a64_2026-05-08.json
203f2a64-e628-4b54-aa08-724b9a55702a,С725АТ159(ТМ),2026-05-08,24,1,00:31:56,318,09:02:51,06:23:13,214.528474374216,210.87224816230284,210.87224816230284,3.247324689803116,221.65625,datasets/raw/bo_tracks_by_unit_day_203f2a64_2026-05-08.json
203f2a64-e628-4b54-aa08-724b9a55702a,С725АТ159(ТМ),2026-05-09,1,2,1.00:00:00,2,1.00:00:00,00:00:00,0.0437387926816195,0.0,0.0,0.0,0.0,datasets/raw/bo_tracks_by_unit_day_203f2a64_2026-05-09.json
203f2a64-e628-4b54-aa08-724b9a55702a,С725АТ159(ТМ),2026-05-10,1,2,00:15:37,2,11:24:59,06:59:03,222.69542867112,222.2854777348885,222.2854777348885,0.0,225.22265625,datasets/raw/bo_tracks_by_unit_day_203f2a64_2026-05-10.json
203f2a64-e628-4b54-aa08-724b9a55702a,С725АТ159(ТМ),2026-05-10,2,1,00:43:53,702,11:24:59,06:59:03,222.69542867112,222.2854777348885,222.2854777348885,0.0,225.22265625,datasets/raw/bo_tracks_by_unit_day_203f2a64_2026-05-10.json
203f2a64-e628-4b54-aa08-724b9a55702a,С725АТ159(ТМ),2026-05-10,3,2,00:21:41,2,11:24:59,06:59:03,222.69542867112,222.2854777348885,222.2854777348885,0.0,225.22265625,datasets/raw/bo_tracks_by_unit_day_203f2a64_2026-05-10.json
203f2a64-e628-4b54-aa08-724b9a55702a,С725АТ159(ТМ),2026-05-10,4,1,01:29:27,1227,11:24:59,06:59:03,222.69542867112,222.2854777348885,222.2854777348885,0.0,225.22265625,datasets/raw/bo_tracks_by_unit_day_203f2a64_2026-05-10.json
203f2a64-e628-4b54-aa08-724b9a55702a,С725АТ159(ТМ),2026-05-10,5,2,00:25:30,2,11:24:59,06:59:03,222.69542867112,222.2854777348885,222.2854777348885,0.0,225.22265625,datasets/raw/bo_tracks_by_unit_day_203f2a64_2026-05-10.json
203f2a64-e628-4b54-aa08-724b9a55702a,С725АТ159(ТМ),2026-05-10,6,1,00:57:40,703,11:24:59,06:59:03,222.69542867112,222.2854777348885,222.2854777348885,0.0,225.22265625,datasets/raw/bo_tracks_by_unit_day_203f2a64_2026-05-10.json
203f2a64-e628-4b54-aa08-724b9a55702a,С725АТ159(ТМ),2026-05-10,7,2,01:12:53,2,11:24:59,06:59:03,222.69542867112,222.2854777348885,222.2854777348885,0.0,225.22265625,datasets/raw/bo_tracks_by_unit_day_203f2a64_2026-05-10.json
203f2a64-e628-4b54-aa08-724b9a55702a,С725АТ159(ТМ),2026-05-10,8,1,03:48:03,2831,11:24:59,06:59:03,222.69542867112,222.2854777348885,222.2854777348885,0.0,225.22265625,datasets/raw/bo_tracks_by_unit_day_203f2a64_2026-05-10.json
203f2a64-e628-4b54-aa08-724b9a55702a,С725АТ159(ТМ),2026-05-10,9,2,09:09:18,2,11:24:59,06:59:03,222.69542867112,222.2854777348885,222.2854777348885,0.0,225.22265625,datasets/raw/bo_tracks_by_unit_day_203f2a64_2026-05-10.json
4733730f-4465-47c3-9e2a-137373cd6c52,О802УЕ198,2026-05-04,1,2,11:38:24,2,14:33:16,09:26:44,143.377042321361,143.15523623826334,143.15523623826334,0.0,136.3046875,datasets/raw/bo_tracks_by_unit_day_4733730f_2026-05-04.json
4733730f-4465-47c3-9e2a-137373cd6c52,О802УЕ198,2026-05-04,2,1,02:32:13,734,14:33:16,09:26:44,143.377042321361,143.15523623826334,143.15523623826334,0.0,136.3046875,datasets/raw/bo_tracks_by_unit_day_4733730f_2026-05-04.json
4733730f-4465-47c3-9e2a-137373cd6c52,О802УЕ198,2026-05-04,3,2,00:11:50,2,14:33:16,09:26:44,143.377042321361,143.15523623826334,143.15523623826334,0.0,136.3046875,datasets/raw/bo_tracks_by_unit_day_4733730f_2026-05-04.json
4733730f-4465-47c3-9e2a-137373cd6c52,О802УЕ198,2026-05-04,4,1,01:32:31,522,14:33:16,09:26:44,143.377042321361,143.15523623826334,143.15523623826334,0.0,136.3046875,datasets/raw/bo_tracks_by_unit_day_4733730f_2026-05-04.json
4733730f-4465-47c3-9e2a-137373cd6c52,О802УЕ198,2026-05-04,5,2,00:45:44,2,14:33:16,09:26:44,143.377042321361,143.15523623826334,143.15523623826334,0.0,136.3046875,datasets/raw/bo_tracks_by_unit_day_4733730f_2026-05-04.json
4733730f-4465-47c3-9e2a-137373cd6c52,О802УЕ198,2026-05-04,6,1,03:39:57,1159,14:33:16,09:26:44,143.377042321361,143.15523623826334,143.15523623826334,0.0,136.3046875,datasets/raw/bo_tracks_by_unit_day_4733730f_2026-05-04.json
4733730f-4465-47c3-9e2a-137373cd6c52,О802УЕ198,2026-05-04,7,2,01:38:31,2,14:33:16,09:26:44,143.377042321361,143.15523623826334,143.15523623826334,0.0,136.3046875,datasets/raw/bo_tracks_by_unit_day_4733730f_2026-05-04.json
4733730f-4465-47c3-9e2a-137373cd6c52,О802УЕ198,2026-05-04,8,1,01:14:46,487,14:33:16,09:26:44,143.377042321361,143.15523623826334,143.15523623826334,0.0,136.3046875,datasets/raw/bo_tracks_by_unit_day_4733730f_2026-05-04.json
4733730f-4465-47c3-9e2a-137373cd6c52,О802УЕ198,2026-05-04,9,2,00:18:47,2,14:33:16,09:26:44,143.377042321361,143.15523623826334,143.15523623826334,0.0,136.3046875,datasets/raw/bo_tracks_by_unit_day_4733730f_2026-05-04.json
4733730f-4465-47c3-9e2a-137373cd6c52,О802УЕ198,2026-05-04,10,1,00:27:17,220,14:33:16,09:26:44,143.377042321361,143.15523623826334,143.15523623826334,0.0,136.3046875,datasets/raw/bo_tracks_by_unit_day_4733730f_2026-05-04.json
4733730f-4465-47c3-9e2a-137373cd6c52,О802УЕ198,2026-05-05,1,1,01:26:54,496,02:49:22,13:53:09,441.5281354228,301.4430820677763,301.4430820677763,139.27563522624206,275.28125,datasets/raw/bo_tracks_by_unit_day_4733730f_2026-05-05.json
4733730f-4465-47c3-9e2a-137373cd6c52,О802УЕ198,2026-05-05,2,2,00:15:15,2,02:49:22,13:53:09,441.5281354228,301.4430820677763,301.4430820677763,139.27563522624206,275.28125,datasets/raw/bo_tracks_by_unit_day_4733730f_2026-05-05.json
4733730f-4465-47c3-9e2a-137373cd6c52,О802УЕ198,2026-05-05,3,1,00:49:59,176,02:49:22,13:53:09,441.5281354228,301.4430820677763,301.4430820677763,139.27563522624206,275.28125,datasets/raw/bo_tracks_by_unit_day_4733730f_2026-05-05.json
4733730f-4465-47c3-9e2a-137373cd6c52,О802УЕ198,2026-05-05,4,2,00:11:22,2,02:49:22,13:53:09,441.5281354228,301.4430820677763,301.4430820677763,139.27563522624206,275.28125,datasets/raw/bo_tracks_by_unit_day_4733730f_2026-05-05.json
4733730f-4465-47c3-9e2a-137373cd6c52,О802УЕ198,2026-05-05,5,3,00:20:42,2,02:49:22,13:53:09,441.5281354228,301.4430820677763,301.4430820677763,139.27563522624206,275.28125,datasets/raw/bo_tracks_by_unit_day_4733730f_2026-05-05.json
4733730f-4465-47c3-9e2a-137373cd6c52,О802УЕ198,2026-05-05,6,1,00:56:24,94,02:49:22,13:53:09,441.5281354228,301.4430820677763,301.4430820677763,139.27563522624206,275.28125,datasets/raw/bo_tracks_by_unit_day_4733730f_2026-05-05.json
4733730f-4465-47c3-9e2a-137373cd6c52,О802УЕ198,2026-05-05,7,3,00:38:53,2,02:49:22,13:53:09,441.5281354228,301.4430820677763,301.4430820677763,139.27563522624206,275.28125,datasets/raw/bo_tracks_by_unit_day_4733730f_2026-05-05.json
4733730f-4465-47c3-9e2a-137373cd6c52,О802УЕ198,2026-05-05,8,1,00:13:05,21,02:49:22,13:53:09,441.5281354228,301.4430820677763,301.4430820677763,139.27563522624206,275.28125,datasets/raw/bo_tracks_by_unit_day_4733730f_2026-05-05.json
4733730f-4465-47c3-9e2a-137373cd6c52,О802УЕ198,2026-05-05,9,3,00:25:19,2,02:49:22,13:53:09,441.5281354228,301.4430820677763,301.4430820677763,139.27563522624206,275.28125,datasets/raw/bo_tracks_by_unit_day_4733730f_2026-05-05.json
4733730f-4465-47c3-9e2a-137373cd6c52,О802УЕ198,2026-05-05,10,1,00:05:39,10,02:49:22,13:53:09,441.5281354228,301.4430820677763,301.4430820677763,139.27563522624206,275.28125,datasets/raw/bo_tracks_by_unit_day_4733730f_2026-05-05.json
4733730f-4465-47c3-9e2a-137373cd6c52,О802УЕ198,2026-05-05,11,3,00:26:41,2,02:49:22,13:53:09,441.5281354228,301.4430820677763,301.4430820677763,139.27563522624206,275.28125,datasets/raw/bo_tracks_by_unit_day_4733730f_2026-05-05.json
4733730f-4465-47c3-9e2a-137373cd6c52,О802УЕ198,2026-05-05,12,1,00:26:25,363,02:49:22,13:53:09,441.5281354228,301.4430820677763,301.4430820677763,139.27563522624206,275.28125,datasets/raw/bo_tracks_by_unit_day_4733730f_2026-05-05.json
4733730f-4465-47c3-9e2a-137373cd6c52,О802УЕ198,2026-05-05,13,2,00:05:42,2,02:49:22,13:53:09,441.5281354228,301.4430820677763,301.4430820677763,139.27563522624206,275.28125,datasets/raw/bo_tracks_by_unit_day_4733730f_2026-05-05.json
4733730f-4465-47c3-9e2a-137373cd6c52,О802УЕ198,2026-05-05,14,3,04:52:29,2,02:49:22,13:53:09,441.5281354228,301.4430820677763,301.4430820677763,139.27563522624206,275.28125,datasets/raw/bo_tracks_by_unit_day_4733730f_2026-05-05.json
4733730f-4465-47c3-9e2a-137373cd6c52,О802УЕ198,2026-05-05,15,1,02:58:28,1028,02:49:22,13:53:09,441.5281354228,301.4430820677763,301.4430820677763,139.27563522624206,275.28125,datasets/raw/bo_tracks_by_unit_day_4733730f_2026-05-05.json
4733730f-4465-47c3-9e2a-137373cd6c52,О802УЕ198,2026-05-05,16,2,00:10:05,2,02:49:22,13:53:09,441.5281354228,301.4430820677763,301.4430820677763,139.27563522624206,275.28125,datasets/raw/bo_tracks_by_unit_day_4733730f_2026-05-05.json
4733730f-4465-47c3-9e2a-137373cd6c52,О802УЕ198,2026-05-05,17,1,01:34:43,534,02:49:22,13:53:09,441.5281354228,301.4430820677763,301.4430820677763,139.27563522624206,275.28125,datasets/raw/bo_tracks_by_unit_day_4733730f_2026-05-05.json
4733730f-4465-47c3-9e2a-137373cd6c52,О802УЕ198,2026-05-05,18,2,00:35:08,2,02:49:22,13:53:09,441.5281354228,301.4430820677763,301.4430820677763,139.27563522624206,275.28125,datasets/raw/bo_tracks_by_unit_day_4733730f_2026-05-05.json
4733730f-4465-47c3-9e2a-137373cd6c52,О802УЕ198,2026-05-05,19,1,01:11:16,196,02:49:22,13:53:09,441.5281354228,301.4430820677763,301.4430820677763,139.27563522624206,275.28125,datasets/raw/bo_tracks_by_unit_day_4733730f_2026-05-05.json
4733730f-4465-47c3-9e2a-137373cd6c52,О802УЕ198,2026-05-05,20,2,00:15:01,2,02:49:22,13:53:09,441.5281354228,301.4430820677763,301.4430820677763,139.27563522624206,275.28125,datasets/raw/bo_tracks_by_unit_day_4733730f_2026-05-05.json
4733730f-4465-47c3-9e2a-137373cd6c52,О802УЕ198,2026-05-05,21,3,00:33:25,2,02:49:22,13:53:09,441.5281354228,301.4430820677763,301.4430820677763,139.27563522624206,275.28125,datasets/raw/bo_tracks_by_unit_day_4733730f_2026-05-05.json
4733730f-4465-47c3-9e2a-137373cd6c52,О802УЕ198,2026-05-05,22,1,02:10:02,642,02:49:22,13:53:09,441.5281354228,301.4430820677763,301.4430820677763,139.27563522624206,275.28125,datasets/raw/bo_tracks_by_unit_day_4733730f_2026-05-05.json
4733730f-4465-47c3-9e2a-137373cd6c52,О802УЕ198,2026-05-05,23,2,01:16:49,2,02:49:22,13:53:09,441.5281354228,301.4430820677763,301.4430820677763,139.27563522624206,275.28125,datasets/raw/bo_tracks_by_unit_day_4733730f_2026-05-05.json
4733730f-4465-47c3-9e2a-137373cd6c52,О802УЕ198,2026-05-05,24,1,02:00:14,803,02:49:22,13:53:09,441.5281354228,301.4430820677763,301.4430820677763,139.27563522624206,275.28125,datasets/raw/bo_tracks_by_unit_day_4733730f_2026-05-05.json
4733730f-4465-47c3-9e2a-137373cd6c52,О802УЕ198,2026-05-06,1,1,00:13:07,42,04:13:37,09:50:19,210.067766696281,196.1856660230653,196.1856660230653,13.516716099290385,152.8984375,datasets/raw/bo_tracks_by_unit_day_4733730f_2026-05-06.json
4733730f-4465-47c3-9e2a-137373cd6c52,О802УЕ198,2026-05-06,2,2,01:42:23,2,04:13:37,09:50:19,210.067766696281,196.1856660230653,196.1856660230653,13.516716099290385,152.8984375,datasets/raw/bo_tracks_by_unit_day_4733730f_2026-05-06.json
4733730f-4465-47c3-9e2a-137373cd6c52,О802УЕ198,2026-05-06,3,1,00:01:35,18,04:13:37,09:50:19,210.067766696281,196.1856660230653,196.1856660230653,13.516716099290385,152.8984375,datasets/raw/bo_tracks_by_unit_day_4733730f_2026-05-06.json
4733730f-4465-47c3-9e2a-137373cd6c52,О802УЕ198,2026-05-06,4,2,00:07:13,2,04:13:37,09:50:19,210.067766696281,196.1856660230653,196.1856660230653,13.516716099290385,152.8984375,datasets/raw/bo_tracks_by_unit_day_4733730f_2026-05-06.json
4733730f-4465-47c3-9e2a-137373cd6c52,О802УЕ198,2026-05-06,5,3,09:11:24,2,04:13:37,09:50:19,210.067766696281,196.1856660230653,196.1856660230653,13.516716099290385,152.8984375,datasets/raw/bo_tracks_by_unit_day_4733730f_2026-05-06.json
4733730f-4465-47c3-9e2a-137373cd6c52,О802УЕ198,2026-05-06,6,1,04:46:03,1751,04:13:37,09:50:19,210.067766696281,196.1856660230653,196.1856660230653,13.516716099290385,152.8984375,datasets/raw/bo_tracks_by_unit_day_4733730f_2026-05-06.json
4733730f-4465-47c3-9e2a-137373cd6c52,О802УЕ198,2026-05-06,7,2,00:38:27,2,04:13:37,09:50:19,210.067766696281,196.1856660230653,196.1856660230653,13.516716099290385,152.8984375,datasets/raw/bo_tracks_by_unit_day_4733730f_2026-05-06.json
4733730f-4465-47c3-9e2a-137373cd6c52,О802УЕ198,2026-05-06,8,1,03:03:47,871,04:13:37,09:50:19,210.067766696281,196.1856660230653,196.1856660230653,13.516716099290385,152.8984375,datasets/raw/bo_tracks_by_unit_day_4733730f_2026-05-06.json
4733730f-4465-47c3-9e2a-137373cd6c52,О802УЕ198,2026-05-06,9,3,00:44:40,2,04:13:37,09:50:19,210.067766696281,196.1856660230653,196.1856660230653,13.516716099290385,152.8984375,datasets/raw/bo_tracks_by_unit_day_4733730f_2026-05-06.json
4733730f-4465-47c3-9e2a-137373cd6c52,О802УЕ198,2026-05-06,10,2,01:29:36,2,04:13:37,09:50:19,210.067766696281,196.1856660230653,196.1856660230653,13.516716099290385,152.8984375,datasets/raw/bo_tracks_by_unit_day_4733730f_2026-05-06.json
4733730f-4465-47c3-9e2a-137373cd6c52,О802УЕ198,2026-05-06,11,1,01:18:47,546,04:13:37,09:50:19,210.067766696281,196.1856660230653,196.1856660230653,13.516716099290385,152.8984375,datasets/raw/bo_tracks_by_unit_day_4733730f_2026-05-06.json
4733730f-4465-47c3-9e2a-137373cd6c52,О802УЕ198,2026-05-06,12,2,00:15:58,2,04:13:37,09:50:19,210.067766696281,196.1856660230653,196.1856660230653,13.516716099290385,152.8984375,datasets/raw/bo_tracks_by_unit_day_4733730f_2026-05-06.json
4733730f-4465-47c3-9e2a-137373cd6c52,О802УЕ198,2026-05-06,13,1,00:27:00,144,04:13:37,09:50:19,210.067766696281,196.1856660230653,196.1856660230653,13.516716099290385,152.8984375,datasets/raw/bo_tracks_by_unit_day_4733730f_2026-05-06.json
4733730f-4465-47c3-9e2a-137373cd6c52,О802УЕ198,2026-05-07,1,1,01:47:30,557,05:10:18,11:50:27,400.207086173127,194.08016911825973,194.08016911825973,205.4838969299993,175.953125,datasets/raw/bo_tracks_by_unit_day_4733730f_2026-05-07.json
4733730f-4465-47c3-9e2a-137373cd6c52,О802УЕ198,2026-05-07,2,2,00:11:27,2,05:10:18,11:50:27,400.207086173127,194.08016911825973,194.08016911825973,205.4838969299993,175.953125,datasets/raw/bo_tracks_by_unit_day_4733730f_2026-05-07.json
4733730f-4465-47c3-9e2a-137373cd6c52,О802УЕ198,2026-05-07,3,1,00:21:47,100,05:10:18,11:50:27,400.207086173127,194.08016911825973,194.08016911825973,205.4838969299993,175.953125,datasets/raw/bo_tracks_by_unit_day_4733730f_2026-05-07.json
4733730f-4465-47c3-9e2a-137373cd6c52,О802УЕ198,2026-05-07,4,2,02:31:18,2,05:10:18,11:50:27,400.207086173127,194.08016911825973,194.08016911825973,205.4838969299993,175.953125,datasets/raw/bo_tracks_by_unit_day_4733730f_2026-05-07.json
4733730f-4465-47c3-9e2a-137373cd6c52,О802УЕ198,2026-05-07,5,3,00:53:37,2,05:10:18,11:50:27,400.207086173127,194.08016911825973,194.08016911825973,205.4838969299993,175.953125,datasets/raw/bo_tracks_by_unit_day_4733730f_2026-05-07.json
4733730f-4465-47c3-9e2a-137373cd6c52,О802УЕ198,2026-05-07,6,1,00:00:56,8,05:10:18,11:50:27,400.207086173127,194.08016911825973,194.08016911825973,205.4838969299993,175.953125,datasets/raw/bo_tracks_by_unit_day_4733730f_2026-05-07.json
4733730f-4465-47c3-9e2a-137373cd6c52,О802УЕ198,2026-05-07,7,3,05:24:27,2,05:10:18,11:50:27,400.207086173127,194.08016911825973,194.08016911825973,205.4838969299993,175.953125,datasets/raw/bo_tracks_by_unit_day_4733730f_2026-05-07.json
4733730f-4465-47c3-9e2a-137373cd6c52,О802УЕ198,2026-05-07,8,2,00:14:13,2,05:10:18,11:50:27,400.207086173127,194.08016911825973,194.08016911825973,205.4838969299993,175.953125,datasets/raw/bo_tracks_by_unit_day_4733730f_2026-05-07.json
4733730f-4465-47c3-9e2a-137373cd6c52,О802УЕ198,2026-05-07,9,1,04:33:27,1701,05:10:18,11:50:27,400.207086173127,194.08016911825973,194.08016911825973,205.4838969299993,175.953125,datasets/raw/bo_tracks_by_unit_day_4733730f_2026-05-07.json
4733730f-4465-47c3-9e2a-137373cd6c52,О802УЕ198,2026-05-07,10,2,00:40:40,2,05:10:18,11:50:27,400.207086173127,194.08016911825973,194.08016911825973,205.4838969299993,175.953125,datasets/raw/bo_tracks_by_unit_day_4733730f_2026-05-07.json
4733730f-4465-47c3-9e2a-137373cd6c52,О802УЕ198,2026-05-07,11,1,01:40:58,500,05:10:18,11:50:27,400.207086173127,194.08016911825973,194.08016911825973,205.4838969299993,175.953125,datasets/raw/bo_tracks_by_unit_day_4733730f_2026-05-07.json
4733730f-4465-47c3-9e2a-137373cd6c52,О802УЕ198,2026-05-07,12,3,00:20:35,2,05:10:18,11:50:27,400.207086173127,194.08016911825973,194.08016911825973,205.4838969299993,175.953125,datasets/raw/bo_tracks_by_unit_day_4733730f_2026-05-07.json
4733730f-4465-47c3-9e2a-137373cd6c52,О802УЕ198,2026-05-07,13,1,00:25:26,55,05:10:18,11:50:27,400.207086173127,194.08016911825973,194.08016911825973,205.4838969299993,175.953125,datasets/raw/bo_tracks_by_unit_day_4733730f_2026-05-07.json
4733730f-4465-47c3-9e2a-137373cd6c52,О802УЕ198,2026-05-07,14,3,00:20:36,2,05:10:18,11:50:27,400.207086173127,194.08016911825973,194.08016911825973,205.4838969299993,175.953125,datasets/raw/bo_tracks_by_unit_day_4733730f_2026-05-07.json
4733730f-4465-47c3-9e2a-137373cd6c52,О802УЕ198,2026-05-07,15,2,00:00:42,2,05:10:18,11:50:27,400.207086173127,194.08016911825973,194.08016911825973,205.4838969299993,175.953125,datasets/raw/bo_tracks_by_unit_day_4733730f_2026-05-07.json
4733730f-4465-47c3-9e2a-137373cd6c52,О802УЕ198,2026-05-07,16,1,00:50:29,320,05:10:18,11:50:27,400.207086173127,194.08016911825973,194.08016911825973,205.4838969299993,175.953125,datasets/raw/bo_tracks_by_unit_day_4733730f_2026-05-07.json
4733730f-4465-47c3-9e2a-137373cd6c52,О802УЕ198,2026-05-07,17,2,01:31:58,2,05:10:18,11:50:27,400.207086173127,194.08016911825973,194.08016911825973,205.4838969299993,175.953125,datasets/raw/bo_tracks_by_unit_day_4733730f_2026-05-07.json
4733730f-4465-47c3-9e2a-137373cd6c52,О802УЕ198,2026-05-07,18,1,02:09:54,689,05:10:18,11:50:27,400.207086173127,194.08016911825973,194.08016911825973,205.4838969299993,175.953125,datasets/raw/bo_tracks_by_unit_day_4733730f_2026-05-07.json
4733730f-4465-47c3-9e2a-137373cd6c52,О802УЕ198,2026-05-08,1,1,01:19:39,463,03:02:05,12:45:14,498.642696455289,265.67035413589383,265.67035413589383,232.37988150213226,241.2890625,datasets/raw/bo_tracks_by_unit_day_4733730f_2026-05-08.json
4733730f-4465-47c3-9e2a-137373cd6c52,О802УЕ198,2026-05-08,2,2,00:16:01,2,03:02:05,12:45:14,498.642696455289,265.67035413589383,265.67035413589383,232.37988150213226,241.2890625,datasets/raw/bo_tracks_by_unit_day_4733730f_2026-05-08.json
4733730f-4465-47c3-9e2a-137373cd6c52,О802УЕ198,2026-05-08,3,1,00:17:52,51,03:02:05,12:45:14,498.642696455289,265.67035413589383,265.67035413589383,232.37988150213226,241.2890625,datasets/raw/bo_tracks_by_unit_day_4733730f_2026-05-08.json
4733730f-4465-47c3-9e2a-137373cd6c52,О802УЕ198,2026-05-08,4,2,00:10:35,2,03:02:05,12:45:14,498.642696455289,265.67035413589383,265.67035413589383,232.37988150213226,241.2890625,datasets/raw/bo_tracks_by_unit_day_4733730f_2026-05-08.json
4733730f-4465-47c3-9e2a-137373cd6c52,О802УЕ198,2026-05-08,5,1,00:25:34,114,03:02:05,12:45:14,498.642696455289,265.67035413589383,265.67035413589383,232.37988150213226,241.2890625,datasets/raw/bo_tracks_by_unit_day_4733730f_2026-05-08.json
4733730f-4465-47c3-9e2a-137373cd6c52,О802УЕ198,2026-05-08,6,2,00:06:55,2,03:02:05,12:45:14,498.642696455289,265.67035413589383,265.67035413589383,232.37988150213226,241.2890625,datasets/raw/bo_tracks_by_unit_day_4733730f_2026-05-08.json
4733730f-4465-47c3-9e2a-137373cd6c52,О802УЕ198,2026-05-08,7,3,01:05:33,2,03:02:05,12:45:14,498.642696455289,265.67035413589383,265.67035413589383,232.37988150213226,241.2890625,datasets/raw/bo_tracks_by_unit_day_4733730f_2026-05-08.json
4733730f-4465-47c3-9e2a-137373cd6c52,О802УЕ198,2026-05-08,8,1,00:09:18,25,03:02:05,12:45:14,498.642696455289,265.67035413589383,265.67035413589383,232.37988150213226,241.2890625,datasets/raw/bo_tracks_by_unit_day_4733730f_2026-05-08.json
4733730f-4465-47c3-9e2a-137373cd6c52,О802УЕ198,2026-05-08,9,3,00:28:07,2,03:02:05,12:45:14,498.642696455289,265.67035413589383,265.67035413589383,232.37988150213226,241.2890625,datasets/raw/bo_tracks_by_unit_day_4733730f_2026-05-08.json
4733730f-4465-47c3-9e2a-137373cd6c52,О802УЕ198,2026-05-08,10,1,00:08:08,14,03:02:05,12:45:14,498.642696455289,265.67035413589383,265.67035413589383,232.37988150213226,241.2890625,datasets/raw/bo_tracks_by_unit_day_4733730f_2026-05-08.json
4733730f-4465-47c3-9e2a-137373cd6c52,О802УЕ198,2026-05-08,11,3,01:02:08,2,03:02:05,12:45:14,498.642696455289,265.67035413589383,265.67035413589383,232.37988150213226,241.2890625,datasets/raw/bo_tracks_by_unit_day_4733730f_2026-05-08.json
4733730f-4465-47c3-9e2a-137373cd6c52,О802УЕ198,2026-05-08,12,2,00:07:06,2,03:02:05,12:45:14,498.642696455289,265.67035413589383,265.67035413589383,232.37988150213226,241.2890625,datasets/raw/bo_tracks_by_unit_day_4733730f_2026-05-08.json
4733730f-4465-47c3-9e2a-137373cd6c52,О802УЕ198,2026-05-08,13,3,00:58:56,2,03:02:05,12:45:14,498.642696455289,265.67035413589383,265.67035413589383,232.37988150213226,241.2890625,datasets/raw/bo_tracks_by_unit_day_4733730f_2026-05-08.json
4733730f-4465-47c3-9e2a-137373cd6c52,О802УЕ198,2026-05-08,14,1,00:07:01,135,03:02:05,12:45:14,498.642696455289,265.67035413589383,265.67035413589383,232.37988150213226,241.2890625,datasets/raw/bo_tracks_by_unit_day_4733730f_2026-05-08.json
4733730f-4465-47c3-9e2a-137373cd6c52,О802УЕ198,2026-05-08,15,3,00:21:29,2,03:02:05,12:45:14,498.642696455289,265.67035413589383,265.67035413589383,232.37988150213226,241.2890625,datasets/raw/bo_tracks_by_unit_day_4733730f_2026-05-08.json
4733730f-4465-47c3-9e2a-137373cd6c52,О802УЕ198,2026-05-08,16,1,00:33:44,482,03:02:05,12:45:14,498.642696455289,265.67035413589383,265.67035413589383,232.37988150213226,241.2890625,datasets/raw/bo_tracks_by_unit_day_4733730f_2026-05-08.json
4733730f-4465-47c3-9e2a-137373cd6c52,О802УЕ198,2026-05-08,17,3,03:36:15,2,03:02:05,12:45:14,498.642696455289,265.67035413589383,265.67035413589383,232.37988150213226,241.2890625,datasets/raw/bo_tracks_by_unit_day_4733730f_2026-05-08.json
4733730f-4465-47c3-9e2a-137373cd6c52,О802УЕ198,2026-05-08,18,2,00:13:11,2,03:02:05,12:45:14,498.642696455289,265.67035413589383,265.67035413589383,232.37988150213226,241.2890625,datasets/raw/bo_tracks_by_unit_day_4733730f_2026-05-08.json
4733730f-4465-47c3-9e2a-137373cd6c52,О802УЕ198,2026-05-08,19,1,04:47:12,1583,03:02:05,12:45:14,498.642696455289,265.67035413589383,265.67035413589383,232.37988150213226,241.2890625,datasets/raw/bo_tracks_by_unit_day_4733730f_2026-05-08.json
4733730f-4465-47c3-9e2a-137373cd6c52,О802УЕ198,2026-05-08,20,2,00:23:38,2,03:02:05,12:45:14,498.642696455289,265.67035413589383,265.67035413589383,232.37988150213226,241.2890625,datasets/raw/bo_tracks_by_unit_day_4733730f_2026-05-08.json
4733730f-4465-47c3-9e2a-137373cd6c52,О802УЕ198,2026-05-08,21,1,01:44:24,531,03:02:05,12:45:14,498.642696455289,265.67035413589383,265.67035413589383,232.37988150213226,241.2890625,datasets/raw/bo_tracks_by_unit_day_4733730f_2026-05-08.json
4733730f-4465-47c3-9e2a-137373cd6c52,О802УЕ198,2026-05-08,22,2,00:03:30,2,03:02:05,12:45:14,498.642696455289,265.67035413589383,265.67035413589383,232.37988150213226,241.2890625,datasets/raw/bo_tracks_by_unit_day_4733730f_2026-05-08.json
4733730f-4465-47c3-9e2a-137373cd6c52,О802УЕ198,2026-05-08,23,3,00:20:09,2,03:02:05,12:45:14,498.642696455289,265.67035413589383,265.67035413589383,232.37988150213226,241.2890625,datasets/raw/bo_tracks_by_unit_day_4733730f_2026-05-08.json
4733730f-4465-47c3-9e2a-137373cd6c52,О802УЕ198,2026-05-08,24,1,00:18:45,54,03:02:05,12:45:14,498.642696455289,265.67035413589383,265.67035413589383,232.37988150213226,241.2890625,datasets/raw/bo_tracks_by_unit_day_4733730f_2026-05-08.json
4733730f-4465-47c3-9e2a-137373cd6c52,О802УЕ198,2026-05-08,25,3,00:20:04,2,03:02:05,12:45:14,498.642696455289,265.67035413589383,265.67035413589383,232.37988150213226,241.2890625,datasets/raw/bo_tracks_by_unit_day_4733730f_2026-05-08.json
4733730f-4465-47c3-9e2a-137373cd6c52,О802УЕ198,2026-05-08,26,1,00:47:45,432,03:02:05,12:45:14,498.642696455289,265.67035413589383,265.67035413589383,232.37988150213226,241.2890625,datasets/raw/bo_tracks_by_unit_day_4733730f_2026-05-08.json
4733730f-4465-47c3-9e2a-137373cd6c52,О802УЕ198,2026-05-08,27,2,01:41:09,2,03:02:05,12:45:14,498.642696455289,265.67035413589383,265.67035413589383,232.37988150213226,241.2890625,datasets/raw/bo_tracks_by_unit_day_4733730f_2026-05-08.json
4733730f-4465-47c3-9e2a-137373cd6c52,О802УЕ198,2026-05-08,28,1,02:05:52,771,03:02:05,12:45:14,498.642696455289,265.67035413589383,265.67035413589383,232.37988150213226,241.2890625,datasets/raw/bo_tracks_by_unit_day_4733730f_2026-05-08.json
4733730f-4465-47c3-9e2a-137373cd6c52,О802УЕ198,2026-05-09,1,1,01:25:03,499,05:46:11,10:55:15,203.216705644243,202.35199513456894,202.35199513456894,0.3964581089602708,172.58984375,datasets/raw/bo_tracks_by_unit_day_4733730f_2026-05-09.json
4733730f-4465-47c3-9e2a-137373cd6c52,О802УЕ198,2026-05-09,2,2,00:12:51,2,05:46:11,10:55:15,203.216705644243,202.35199513456894,202.35199513456894,0.3964581089602708,172.58984375,datasets/raw/bo_tracks_by_unit_day_4733730f_2026-05-09.json
4733730f-4465-47c3-9e2a-137373cd6c52,О802УЕ198,2026-05-09,3,1,00:53:02,170,05:46:11,10:55:15,203.216705644243,202.35199513456894,202.35199513456894,0.3964581089602708,172.58984375,datasets/raw/bo_tracks_by_unit_day_4733730f_2026-05-09.json
4733730f-4465-47c3-9e2a-137373cd6c52,О802УЕ198,2026-05-09,4,3,06:47:52,2,05:46:11,10:55:15,203.216705644243,202.35199513456894,202.35199513456894,0.3964581089602708,172.58984375,datasets/raw/bo_tracks_by_unit_day_4733730f_2026-05-09.json
4733730f-4465-47c3-9e2a-137373cd6c52,О802УЕ198,2026-05-09,5,2,00:16:21,2,05:46:11,10:55:15,203.216705644243,202.35199513456894,202.35199513456894,0.3964581089602708,172.58984375,datasets/raw/bo_tracks_by_unit_day_4733730f_2026-05-09.json
4733730f-4465-47c3-9e2a-137373cd6c52,О802УЕ198,2026-05-09,6,1,01:14:04,503,05:46:11,10:55:15,203.216705644243,202.35199513456894,202.35199513456894,0.3964581089602708,172.58984375,datasets/raw/bo_tracks_by_unit_day_4733730f_2026-05-09.json
4733730f-4465-47c3-9e2a-137373cd6c52,О802УЕ198,2026-05-09,7,2,01:39:54,2,05:46:11,10:55:15,203.216705644243,202.35199513456894,202.35199513456894,0.3964581089602708,172.58984375,datasets/raw/bo_tracks_by_unit_day_4733730f_2026-05-09.json
4733730f-4465-47c3-9e2a-137373cd6c52,О802УЕ198,2026-05-09,8,1,01:00:34,431,05:46:11,10:55:15,203.216705644243,202.35199513456894,202.35199513456894,0.3964581089602708,172.58984375,datasets/raw/bo_tracks_by_unit_day_4733730f_2026-05-09.json
4733730f-4465-47c3-9e2a-137373cd6c52,О802УЕ198,2026-05-09,9,2,00:15:09,2,05:46:11,10:55:15,203.216705644243,202.35199513456894,202.35199513456894,0.3964581089602708,172.58984375,datasets/raw/bo_tracks_by_unit_day_4733730f_2026-05-09.json
4733730f-4465-47c3-9e2a-137373cd6c52,О802УЕ198,2026-05-09,10,1,00:05:50,59,05:46:11,10:55:15,203.216705644243,202.35199513456894,202.35199513456894,0.3964581089602708,172.58984375,datasets/raw/bo_tracks_by_unit_day_4733730f_2026-05-09.json
4733730f-4465-47c3-9e2a-137373cd6c52,О802УЕ198,2026-05-09,11,2,02:40:40,2,05:46:11,10:55:15,203.216705644243,202.35199513456894,202.35199513456894,0.3964581089602708,172.58984375,datasets/raw/bo_tracks_by_unit_day_4733730f_2026-05-09.json
4733730f-4465-47c3-9e2a-137373cd6c52,О802УЕ198,2026-05-09,12,1,01:23:48,412,05:46:11,10:55:15,203.216705644243,202.35199513456894,202.35199513456894,0.3964581089602708,172.58984375,datasets/raw/bo_tracks_by_unit_day_4733730f_2026-05-09.json
4733730f-4465-47c3-9e2a-137373cd6c52,О802УЕ198,2026-05-09,13,2,00:14:23,2,05:46:11,10:55:15,203.216705644243,202.35199513456894,202.35199513456894,0.3964581089602708,172.58984375,datasets/raw/bo_tracks_by_unit_day_4733730f_2026-05-09.json
4733730f-4465-47c3-9e2a-137373cd6c52,О802УЕ198,2026-05-09,14,1,01:22:30,557,05:46:11,10:55:15,203.216705644243,202.35199513456894,202.35199513456894,0.3964581089602708,172.58984375,datasets/raw/bo_tracks_by_unit_day_4733730f_2026-05-09.json
4733730f-4465-47c3-9e2a-137373cd6c52,О802УЕ198,2026-05-09,15,2,00:15:34,2,05:46:11,10:55:15,203.216705644243,202.35199513456894,202.35199513456894,0.3964581089602708,172.58984375,datasets/raw/bo_tracks_by_unit_day_4733730f_2026-05-09.json
4733730f-4465-47c3-9e2a-137373cd6c52,О802УЕ198,2026-05-09,16,3,00:30:42,2,05:46:11,10:55:15,203.216705644243,202.35199513456894,202.35199513456894,0.3964581089602708,172.58984375,datasets/raw/bo_tracks_by_unit_day_4733730f_2026-05-09.json
4733730f-4465-47c3-9e2a-137373cd6c52,О802УЕ198,2026-05-09,17,1,00:00:03,2,05:46:11,10:55:15,203.216705644243,202.35199513456894,202.35199513456894,0.3964581089602708,172.58984375,datasets/raw/bo_tracks_by_unit_day_4733730f_2026-05-09.json
4733730f-4465-47c3-9e2a-137373cd6c52,О802УЕ198,2026-05-09,18,2,00:11:19,2,05:46:11,10:55:15,203.216705644243,202.35199513456894,202.35199513456894,0.3964581089602708,172.58984375,datasets/raw/bo_tracks_by_unit_day_4733730f_2026-05-09.json
4733730f-4465-47c3-9e2a-137373cd6c52,О802УЕ198,2026-05-09,19,1,03:30:21,1096,05:46:11,10:55:15,203.216705644243,202.35199513456894,202.35199513456894,0.3964581089602708,172.58984375,datasets/raw/bo_tracks_by_unit_day_4733730f_2026-05-09.json
4733730f-4465-47c3-9e2a-137373cd6c52,О802УЕ198,2026-05-10,1,1,00:46:48,274,09:50:38,11:46:43,514.047224904637,345.81047406989023,345.81047406989023,167.8549161127967,229.1640625,datasets/raw/bo_tracks_by_unit_day_4733730f_2026-05-10.json
4733730f-4465-47c3-9e2a-137373cd6c52,О802УЕ198,2026-05-10,2,2,06:25:29,2,09:50:38,11:46:43,514.047224904637,345.81047406989023,345.81047406989023,167.8549161127967,229.1640625,datasets/raw/bo_tracks_by_unit_day_4733730f_2026-05-10.json
4733730f-4465-47c3-9e2a-137373cd6c52,О802УЕ198,2026-05-10,3,3,01:40:14,2,09:50:38,11:46:43,514.047224904637,345.81047406989023,345.81047406989023,167.8549161127967,229.1640625,datasets/raw/bo_tracks_by_unit_day_4733730f_2026-05-10.json
4733730f-4465-47c3-9e2a-137373cd6c52,О802УЕ198,2026-05-10,4,1,05:14:39,1661,09:50:38,11:46:43,514.047224904637,345.81047406989023,345.81047406989023,167.8549161127967,229.1640625,datasets/raw/bo_tracks_by_unit_day_4733730f_2026-05-10.json
4733730f-4465-47c3-9e2a-137373cd6c52,О802УЕ198,2026-05-10,5,2,00:37:42,2,09:50:38,11:46:43,514.047224904637,345.81047406989023,345.81047406989023,167.8549161127967,229.1640625,datasets/raw/bo_tracks_by_unit_day_4733730f_2026-05-10.json
4733730f-4465-47c3-9e2a-137373cd6c52,О802УЕ198,2026-05-10,6,1,01:54:37,810,09:50:38,11:46:43,514.047224904637,345.81047406989023,345.81047406989023,167.8549161127967,229.1640625,datasets/raw/bo_tracks_by_unit_day_4733730f_2026-05-10.json
4733730f-4465-47c3-9e2a-137373cd6c52,О802УЕ198,2026-05-10,7,3,00:20:01,2,09:50:38,11:46:43,514.047224904637,345.81047406989023,345.81047406989023,167.8549161127967,229.1640625,datasets/raw/bo_tracks_by_unit_day_4733730f_2026-05-10.json
4733730f-4465-47c3-9e2a-137373cd6c52,О802УЕ198,2026-05-10,8,1,00:01:27,9,09:50:38,11:46:43,514.047224904637,345.81047406989023,345.81047406989023,167.8549161127967,229.1640625,datasets/raw/bo_tracks_by_unit_day_4733730f_2026-05-10.json
4733730f-4465-47c3-9e2a-137373cd6c52,О802УЕ198,2026-05-10,9,3,00:22:24,2,09:50:38,11:46:43,514.047224904637,345.81047406989023,345.81047406989023,167.8549161127967,229.1640625,datasets/raw/bo_tracks_by_unit_day_4733730f_2026-05-10.json
4733730f-4465-47c3-9e2a-137373cd6c52,О802УЕ198,2026-05-10,10,1,01:16:00,394,09:50:38,11:46:43,514.047224904637,345.81047406989023,345.81047406989023,167.8549161127967,229.1640625,datasets/raw/bo_tracks_by_unit_day_4733730f_2026-05-10.json
4733730f-4465-47c3-9e2a-137373cd6c52,О802УЕ198,2026-05-10,11,2,00:32:34,2,09:50:38,11:46:43,514.047224904637,345.81047406989023,345.81047406989023,167.8549161127967,229.1640625,datasets/raw/bo_tracks_by_unit_day_4733730f_2026-05-10.json
4733730f-4465-47c3-9e2a-137373cd6c52,О802УЕ198,2026-05-10,12,1,02:33:12,913,09:50:38,11:46:43,514.047224904637,345.81047406989023,345.81047406989023,167.8549161127967,229.1640625,datasets/raw/bo_tracks_by_unit_day_4733730f_2026-05-10.json
4733730f-4465-47c3-9e2a-137373cd6c52,О802УЕ198,2026-05-10,13,2,02:14:53,2,09:50:38,11:46:43,514.047224904637,345.81047406989023,345.81047406989023,167.8549161127967,229.1640625,datasets/raw/bo_tracks_by_unit_day_4733730f_2026-05-10.json
598d5b8e-f7b0-4e7e-b3a4-c816c03d4b8e,О834МР193,2026-05-04,1,1,01:34:15,288,07:26:31,03:49:27,249.277079102665,227.97809733336845,227.97809733336845,21.157894937509088,0.0,datasets/raw/bo_tracks_by_unit_day_598d5b8e_2026-05-04.json
598d5b8e-f7b0-4e7e-b3a4-c816c03d4b8e,О834МР193,2026-05-04,2,3,01:04:45,2,07:26:31,03:49:27,249.277079102665,227.97809733336845,227.97809733336845,21.157894937509088,0.0,datasets/raw/bo_tracks_by_unit_day_598d5b8e_2026-05-04.json
598d5b8e-f7b0-4e7e-b3a4-c816c03d4b8e,О834МР193,2026-05-04,3,2,05:37:06,2,07:26:31,03:49:27,249.277079102665,227.97809733336845,227.97809733336845,21.157894937509088,0.0,datasets/raw/bo_tracks_by_unit_day_598d5b8e_2026-05-04.json
598d5b8e-f7b0-4e7e-b3a4-c816c03d4b8e,О834МР193,2026-05-04,4,1,00:48:57,130,07:26:31,03:49:27,249.277079102665,227.97809733336845,227.97809733336845,21.157894937509088,0.0,datasets/raw/bo_tracks_by_unit_day_598d5b8e_2026-05-04.json
598d5b8e-f7b0-4e7e-b3a4-c816c03d4b8e,О834МР193,2026-05-04,5,2,01:44:25,2,07:26:31,03:49:27,249.277079102665,227.97809733336845,227.97809733336845,21.157894937509088,0.0,datasets/raw/bo_tracks_by_unit_day_598d5b8e_2026-05-04.json
598d5b8e-f7b0-4e7e-b3a4-c816c03d4b8e,О834МР193,2026-05-04,6,3,00:20:00,2,07:26:31,03:49:27,249.277079102665,227.97809733336845,227.97809733336845,21.157894937509088,0.0,datasets/raw/bo_tracks_by_unit_day_598d5b8e_2026-05-04.json
598d5b8e-f7b0-4e7e-b3a4-c816c03d4b8e,О834МР193,2026-05-04,7,2,00:02:15,2,07:26:31,03:49:27,249.277079102665,227.97809733336845,227.97809733336845,21.157894937509088,0.0,datasets/raw/bo_tracks_by_unit_day_598d5b8e_2026-05-04.json
598d5b8e-f7b0-4e7e-b3a4-c816c03d4b8e,О834МР193,2026-05-04,8,1,01:26:15,236,07:26:31,03:49:27,249.277079102665,227.97809733336845,227.97809733336845,21.157894937509088,0.0,datasets/raw/bo_tracks_by_unit_day_598d5b8e_2026-05-04.json
598d5b8e-f7b0-4e7e-b3a4-c816c03d4b8e,О834МР193,2026-05-04,9,2,00:02:45,2,07:26:31,03:49:27,249.277079102665,227.97809733336845,227.97809733336845,21.157894937509088,0.0,datasets/raw/bo_tracks_by_unit_day_598d5b8e_2026-05-04.json
598d5b8e-f7b0-4e7e-b3a4-c816c03d4b8e,О834МР193,2026-05-04,10,3,04:43:47,1,07:26:31,03:49:27,249.277079102665,227.97809733336845,227.97809733336845,21.157894937509088,0.0,datasets/raw/bo_tracks_by_unit_day_598d5b8e_2026-05-04.json
598d5b8e-f7b0-4e7e-b3a4-c816c03d4b8e,О834МР193,2026-05-05,1,3,06:34:09,1,00:06:22,02:48:08,145.384957562213,128.7694595658229,128.7694595658229,16.605770418952293,0.0,datasets/raw/bo_tracks_by_unit_day_598d5b8e_2026-05-05.json
598d5b8e-f7b0-4e7e-b3a4-c816c03d4b8e,О834МР193,2026-05-05,2,2,00:00:45,2,00:06:22,02:48:08,145.384957562213,128.7694595658229,128.7694595658229,16.605770418952293,0.0,datasets/raw/bo_tracks_by_unit_day_598d5b8e_2026-05-05.json
598d5b8e-f7b0-4e7e-b3a4-c816c03d4b8e,О834МР193,2026-05-05,3,1,01:27:38,182,00:06:22,02:48:08,145.384957562213,128.7694595658229,128.7694595658229,16.605770418952293,0.0,datasets/raw/bo_tracks_by_unit_day_598d5b8e_2026-05-05.json
598d5b8e-f7b0-4e7e-b3a4-c816c03d4b8e,О834МР193,2026-05-05,4,2,00:00:07,2,00:06:22,02:48:08,145.384957562213,128.7694595658229,128.7694595658229,16.605770418952293,0.0,datasets/raw/bo_tracks_by_unit_day_598d5b8e_2026-05-05.json
598d5b8e-f7b0-4e7e-b3a4-c816c03d4b8e,О834МР193,2026-05-05,5,3,09:53:32,2,00:06:22,02:48:08,145.384957562213,128.7694595658229,128.7694595658229,16.605770418952293,0.0,datasets/raw/bo_tracks_by_unit_day_598d5b8e_2026-05-05.json
598d5b8e-f7b0-4e7e-b3a4-c816c03d4b8e,О834МР193,2026-05-05,6,1,01:20:30,180,00:06:22,02:48:08,145.384957562213,128.7694595658229,128.7694595658229,16.605770418952293,0.0,datasets/raw/bo_tracks_by_unit_day_598d5b8e_2026-05-05.json
598d5b8e-f7b0-4e7e-b3a4-c816c03d4b8e,О834МР193,2026-05-05,7,2,00:05:30,2,00:06:22,02:48:08,145.384957562213,128.7694595658229,128.7694595658229,16.605770418952293,0.0,datasets/raw/bo_tracks_by_unit_day_598d5b8e_2026-05-05.json
598d5b8e-f7b0-4e7e-b3a4-c816c03d4b8e,О834МР193,2026-05-05,8,3,04:37:49,1,00:06:22,02:48:08,145.384957562213,128.7694595658229,128.7694595658229,16.605770418952293,0.0,datasets/raw/bo_tracks_by_unit_day_598d5b8e_2026-05-05.json
598d5b8e-f7b0-4e7e-b3a4-c816c03d4b8e,О834МР193,2026-05-06,1,3,06:34:43,1,08:11:43,03:39:58,194.502808107494,183.36831779455844,183.36831779455844,10.894585931336074,0.0,datasets/raw/bo_tracks_by_unit_day_598d5b8e_2026-05-06.json
598d5b8e-f7b0-4e7e-b3a4-c816c03d4b8e,О834МР193,2026-05-06,2,1,01:41:30,282,08:11:43,03:39:58,194.502808107494,183.36831779455844,183.36831779455844,10.894585931336074,0.0,datasets/raw/bo_tracks_by_unit_day_598d5b8e_2026-05-06.json
598d5b8e-f7b0-4e7e-b3a4-c816c03d4b8e,О834МР193,2026-05-06,3,2,00:02:00,2,08:11:43,03:39:58,194.502808107494,183.36831779455844,183.36831779455844,10.894585931336074,0.0,datasets/raw/bo_tracks_by_unit_day_598d5b8e_2026-05-06.json
598d5b8e-f7b0-4e7e-b3a4-c816c03d4b8e,О834МР193,2026-05-06,4,3,00:52:49,2,08:11:43,03:39:58,194.502808107494,183.36831779455844,183.36831779455844,10.894585931336074,0.0,datasets/raw/bo_tracks_by_unit_day_598d5b8e_2026-05-06.json
598d5b8e-f7b0-4e7e-b3a4-c816c03d4b8e,О834МР193,2026-05-06,5,2,00:20:20,2,08:11:43,03:39:58,194.502808107494,183.36831779455844,183.36831779455844,10.894585931336074,0.0,datasets/raw/bo_tracks_by_unit_day_598d5b8e_2026-05-06.json
598d5b8e-f7b0-4e7e-b3a4-c816c03d4b8e,О834МР193,2026-05-06,6,1,00:03:47,18,08:11:43,03:39:58,194.502808107494,183.36831779455844,183.36831779455844,10.894585931336074,0.0,datasets/raw/bo_tracks_by_unit_day_598d5b8e_2026-05-06.json
598d5b8e-f7b0-4e7e-b3a4-c816c03d4b8e,О834МР193,2026-05-06,7,2,04:16:36,2,08:11:43,03:39:58,194.502808107494,183.36831779455844,183.36831779455844,10.894585931336074,0.0,datasets/raw/bo_tracks_by_unit_day_598d5b8e_2026-05-06.json
598d5b8e-f7b0-4e7e-b3a4-c816c03d4b8e,О834МР193,2026-05-06,8,1,00:15:59,49,08:11:43,03:39:58,194.502808107494,183.36831779455844,183.36831779455844,10.894585931336074,0.0,datasets/raw/bo_tracks_by_unit_day_598d5b8e_2026-05-06.json
598d5b8e-f7b0-4e7e-b3a4-c816c03d4b8e,О834МР193,2026-05-06,9,2,01:40:19,2,08:11:43,03:39:58,194.502808107494,183.36831779455844,183.36831779455844,10.894585931336074,0.0,datasets/raw/bo_tracks_by_unit_day_598d5b8e_2026-05-06.json
598d5b8e-f7b0-4e7e-b3a4-c816c03d4b8e,О834МР193,2026-05-06,10,1,00:12:12,30,08:11:43,03:39:58,194.502808107494,183.36831779455844,183.36831779455844,10.894585931336074,0.0,datasets/raw/bo_tracks_by_unit_day_598d5b8e_2026-05-06.json
598d5b8e-f7b0-4e7e-b3a4-c816c03d4b8e,О834МР193,2026-05-06,11,2,01:48:25,2,08:11:43,03:39:58,194.502808107494,183.36831779455844,183.36831779455844,10.894585931336074,0.0,datasets/raw/bo_tracks_by_unit_day_598d5b8e_2026-05-06.json
598d5b8e-f7b0-4e7e-b3a4-c816c03d4b8e,О834МР193,2026-05-06,12,1,01:26:30,283,08:11:43,03:39:58,194.502808107494,183.36831779455844,183.36831779455844,10.894585931336074,0.0,datasets/raw/bo_tracks_by_unit_day_598d5b8e_2026-05-06.json
598d5b8e-f7b0-4e7e-b3a4-c816c03d4b8e,О834МР193,2026-05-06,13,2,00:04:03,2,08:11:43,03:39:58,194.502808107494,183.36831779455844,183.36831779455844,10.894585931336074,0.0,datasets/raw/bo_tracks_by_unit_day_598d5b8e_2026-05-06.json
598d5b8e-f7b0-4e7e-b3a4-c816c03d4b8e,О834МР193,2026-05-06,14,3,04:40:47,1,08:11:43,03:39:58,194.502808107494,183.36831779455844,183.36831779455844,10.894585931336074,0.0,datasets/raw/bo_tracks_by_unit_day_598d5b8e_2026-05-06.json
598d5b8e-f7b0-4e7e-b3a4-c816c03d4b8e,О834МР193,2026-05-07,1,3,06:33:50,1,06:16:40,03:35:04,180.894159047649,178.52190164856756,178.52190164856756,2.234807400111925,0.0,datasets/raw/bo_tracks_by_unit_day_598d5b8e_2026-05-07.json
598d5b8e-f7b0-4e7e-b3a4-c816c03d4b8e,О834МР193,2026-05-07,2,1,01:41:13,262,06:16:40,03:35:04,180.894159047649,178.52190164856756,178.52190164856756,2.234807400111925,0.0,datasets/raw/bo_tracks_by_unit_day_598d5b8e_2026-05-07.json
598d5b8e-f7b0-4e7e-b3a4-c816c03d4b8e,О834МР193,2026-05-07,3,2,00:27:04,2,06:16:40,03:35:04,180.894159047649,178.52190164856756,178.52190164856756,2.234807400111925,0.0,datasets/raw/bo_tracks_by_unit_day_598d5b8e_2026-05-07.json
598d5b8e-f7b0-4e7e-b3a4-c816c03d4b8e,О834МР193,2026-05-07,4,3,02:49:12,2,06:16:40,03:35:04,180.894159047649,178.52190164856756,178.52190164856756,2.234807400111925,0.0,datasets/raw/bo_tracks_by_unit_day_598d5b8e_2026-05-07.json
598d5b8e-f7b0-4e7e-b3a4-c816c03d4b8e,О834МР193,2026-05-07,5,1,00:04:15,27,06:16:40,03:35:04,180.894159047649,178.52190164856756,178.52190164856756,2.234807400111925,0.0,datasets/raw/bo_tracks_by_unit_day_598d5b8e_2026-05-07.json
598d5b8e-f7b0-4e7e-b3a4-c816c03d4b8e,О834МР193,2026-05-07,6,2,02:03:14,2,06:16:40,03:35:04,180.894159047649,178.52190164856756,178.52190164856756,2.234807400111925,0.0,datasets/raw/bo_tracks_by_unit_day_598d5b8e_2026-05-07.json
598d5b8e-f7b0-4e7e-b3a4-c816c03d4b8e,О834МР193,2026-05-07,7,1,00:09:59,49,06:16:40,03:35:04,180.894159047649,178.52190164856756,178.52190164856756,2.234807400111925,0.0,datasets/raw/bo_tracks_by_unit_day_598d5b8e_2026-05-07.json
598d5b8e-f7b0-4e7e-b3a4-c816c03d4b8e,О834МР193,2026-05-07,8,2,02:10:00,2,06:16:40,03:35:04,180.894159047649,178.52190164856756,178.52190164856756,2.234807400111925,0.0,datasets/raw/bo_tracks_by_unit_day_598d5b8e_2026-05-07.json
598d5b8e-f7b0-4e7e-b3a4-c816c03d4b8e,О834МР193,2026-05-07,9,1,00:16:23,34,06:16:40,03:35:04,180.894159047649,178.52190164856756,178.52190164856756,2.234807400111925,0.0,datasets/raw/bo_tracks_by_unit_day_598d5b8e_2026-05-07.json
598d5b8e-f7b0-4e7e-b3a4-c816c03d4b8e,О834МР193,2026-05-07,10,2,01:33:01,2,06:16:40,03:35:04,180.894159047649,178.52190164856756,178.52190164856756,2.234807400111925,0.0,datasets/raw/bo_tracks_by_unit_day_598d5b8e_2026-05-07.json
598d5b8e-f7b0-4e7e-b3a4-c816c03d4b8e,О834МР193,2026-05-07,11,1,01:23:14,304,06:16:40,03:35:04,180.894159047649,178.52190164856756,178.52190164856756,2.234807400111925,0.0,datasets/raw/bo_tracks_by_unit_day_598d5b8e_2026-05-07.json
598d5b8e-f7b0-4e7e-b3a4-c816c03d4b8e,О834МР193,2026-05-07,12,2,00:03:21,2,06:16:40,03:35:04,180.894159047649,178.52190164856756,178.52190164856756,2.234807400111925,0.0,datasets/raw/bo_tracks_by_unit_day_598d5b8e_2026-05-07.json
598d5b8e-f7b0-4e7e-b3a4-c816c03d4b8e,О834МР193,2026-05-07,13,3,04:45:14,1,06:16:40,03:35:04,180.894159047649,178.52190164856756,178.52190164856756,2.234807400111925,0.0,datasets/raw/bo_tracks_by_unit_day_598d5b8e_2026-05-07.json
598d5b8e-f7b0-4e7e-b3a4-c816c03d4b8e,О834МР193,2026-05-08,1,3,06:33:36,1,07:33:19,03:08:41,183.289495133429,181.96942481019892,181.96942481019892,1.1621479068879172,0.0,datasets/raw/bo_tracks_by_unit_day_598d5b8e_2026-05-08.json
598d5b8e-f7b0-4e7e-b3a4-c816c03d4b8e,О834МР193,2026-05-08,2,1,01:37:15,318,07:33:19,03:08:41,183.289495133429,181.96942481019892,181.96942481019892,1.1621479068879172,0.0,datasets/raw/bo_tracks_by_unit_day_598d5b8e_2026-05-08.json
598d5b8e-f7b0-4e7e-b3a4-c816c03d4b8e,О834МР193,2026-05-08,3,2,06:05:25,2,07:33:19,03:08:41,183.289495133429,181.96942481019892,181.96942481019892,1.1621479068879172,0.0,datasets/raw/bo_tracks_by_unit_day_598d5b8e_2026-05-08.json
598d5b8e-f7b0-4e7e-b3a4-c816c03d4b8e,О834МР193,2026-05-08,4,1,00:07:11,29,07:33:19,03:08:41,183.289495133429,181.96942481019892,181.96942481019892,1.1621479068879172,0.0,datasets/raw/bo_tracks_by_unit_day_598d5b8e_2026-05-08.json
598d5b8e-f7b0-4e7e-b3a4-c816c03d4b8e,О834МР193,2026-05-08,5,2,01:24:24,2,07:33:19,03:08:41,183.289495133429,181.96942481019892,181.96942481019892,1.1621479068879172,0.0,datasets/raw/bo_tracks_by_unit_day_598d5b8e_2026-05-08.json
598d5b8e-f7b0-4e7e-b3a4-c816c03d4b8e,О834МР193,2026-05-08,6,1,01:24:15,269,07:33:19,03:08:41,183.289495133429,181.96942481019892,181.96942481019892,1.1621479068879172,0.0,datasets/raw/bo_tracks_by_unit_day_598d5b8e_2026-05-08.json
598d5b8e-f7b0-4e7e-b3a4-c816c03d4b8e,О834МР193,2026-05-08,7,2,00:03:30,2,07:33:19,03:08:41,183.289495133429,181.96942481019892,181.96942481019892,1.1621479068879172,0.0,datasets/raw/bo_tracks_by_unit_day_598d5b8e_2026-05-08.json
